PROVINCIA;CAMPAÑA;DISTRITO;RDTO_KG/HA
AZANGARO;1996/1997;ACHAYA;6602.78
AZANGARO;1997/1998;ACHAYA;7343.75
AZANGARO;1998/1999;ACHAYA;7950.77
AZANGARO;1999/2000;ACHAYA;7890.91
AZANGARO;2000/2001;ACHAYA;6613.11
AZANGARO;2001/2002;ACHAYA;9223.35
AZANGARO;2002/2003;ACHAYA;10324.68
AZANGARO;2003/2004;ACHAYA;9983.33
AZANGARO;2004/2005;ACHAYA;8653.33
AZANGARO;2005/2006;ACHAYA;11167.01
AZANGARO;2006/2007;ACHAYA;9264.86
AZANGARO;2007/2008;ACHAYA;7903.92
AZANGARO;2008/2009;ACHAYA;10954.86
AZANGARO;2009/2010;ACHAYA;11618.52
AZANGARO;2010/2011;ACHAYA;11678.69
AZANGARO;2011/2012;ACHAYA;8051.67
AZANGARO;2012/2013;ACHAYA;11858.91
AZANGARO;2013/2014;ACHAYA;9698.57
AZANGARO;2014/2015;ACHAYA;12750.67
AZANGARO;2015/2016;ACHAYA;10585.53
AZANGARO;2016/2017;ACHAYA;11887.65
AZANGARO;2017/2018;ACHAYA;12681.25
AZANGARO;1996/1997;ARAPA;5371.75
AZANGARO;1997/1998;ARAPA;5531.03
AZANGARO;1998/1999;ARAPA;7643.33
AZANGARO;1999/2000;ARAPA;8540
AZANGARO;2000/2001;ARAPA;8323.66
AZANGARO;2001/2002;ARAPA;9476.27
AZANGARO;2002/2003;ARAPA;9674.1
AZANGARO;2003/2004;ARAPA;8013.29
AZANGARO;2004/2005;ARAPA;8733.33
AZANGARO;2005/2006;ARAPA;9060.32
AZANGARO;2006/2007;ARAPA;8150.77
AZANGARO;2007/2008;ARAPA;7001.59
AZANGARO;2008/2009;ARAPA;7300
AZANGARO;2009/2010;ARAPA;7918.25
AZANGARO;2010/2011;ARAPA;8689.71
AZANGARO;2011/2012;ARAPA;9483.92
AZANGARO;2012/2013;ARAPA;8957.36
AZANGARO;2013/2014;ARAPA;8557.57
AZANGARO;2014/2015;ARAPA;10157.33
AZANGARO;2015/2016;ARAPA;10144.87
AZANGARO;2016/2017;ARAPA;10756.1
AZANGARO;2017/2018;ARAPA;11143.53
AZANGARO;1996/1997;ASILLO;5398.86
AZANGARO;1997/1998;ASILLO;5475.71
AZANGARO;1998/1999;ASILLO;7913.89
AZANGARO;1999/2000;ASILLO;8468
AZANGARO;2000/2001;ASILLO;8849.76
AZANGARO;2001/2002;ASILLO;10198.55
AZANGARO;2002/2003;ASILLO;10383.19
AZANGARO;2003/2004;ASILLO;9200
AZANGARO;2004/2005;ASILLO;9090
AZANGARO;2005/2006;ASILLO;8704.29
AZANGARO;2006/2007;ASILLO;8468
AZANGARO;2007/2008;ASILLO;7031.72
AZANGARO;2008/2009;ASILLO;7506.67
AZANGARO;2009/2010;ASILLO;8050.65
AZANGARO;2010/2011;ASILLO;9377.78
AZANGARO;2011/2012;ASILLO;9560.33
AZANGARO;2012/2013;ASILLO;9480.72
AZANGARO;2013/2014;ASILLO;9367.27
AZANGARO;2014/2015;ASILLO;11028.21
AZANGARO;2015/2016;ASILLO;10297.53
AZANGARO;2016/2017;ASILLO;10726.14
AZANGARO;2017/2018;ASILLO;10854.84
AZANGARO;1996/1997;AZANGARO;5375
AZANGARO;1997/1998;AZANGARO;5568.24
AZANGARO;1998/1999;AZANGARO;7576.54
AZANGARO;1999/2000;AZANGARO;8596.67
AZANGARO;2000/2001;AZANGARO;8819.17
AZANGARO;2001/2002;AZANGARO;9776.34
AZANGARO;2002/2003;AZANGARO;10370.03
AZANGARO;2003/2004;AZANGARO;9100.79
AZANGARO;2004/2005;AZANGARO;9843.62
AZANGARO;2005/2006;AZANGARO;9240.21
AZANGARO;2006/2007;AZANGARO;9248.21
AZANGARO;2007/2008;AZANGARO;6637.63
AZANGARO;2008/2009;AZANGARO;7900.5
AZANGARO;2009/2010;AZANGARO;8789.16
AZANGARO;2010/2011;AZANGARO;9735.71
AZANGARO;2011/2012;AZANGARO;9725.06
AZANGARO;2012/2013;AZANGARO;9475.5
AZANGARO;2013/2014;AZANGARO;9228.84
AZANGARO;2014/2015;AZANGARO;10955.79
AZANGARO;2015/2016;AZANGARO;10377.55
AZANGARO;2016/2017;AZANGARO;10660.34
AZANGARO;2017/2018;AZANGARO;10627.52
AZANGARO;1996/1997;CAMINACA;6606.76
AZANGARO;1997/1998;CAMINACA;5903.61
AZANGARO;1998/1999;CAMINACA;7961.9
AZANGARO;1999/2000;CAMINACA;7735.71
AZANGARO;2000/2001;CAMINACA;6897.3
AZANGARO;2001/2002;CAMINACA;8587.14
AZANGARO;2002/2003;CAMINACA;10330.61
AZANGARO;2003/2004;CAMINACA;10232.74
AZANGARO;2004/2005;CAMINACA;9670.59
AZANGARO;2005/2006;CAMINACA;9987.27
AZANGARO;2006/2007;CAMINACA;8873.33
AZANGARO;2007/2008;CAMINACA;8220
AZANGARO;2008/2009;CAMINACA;9897.78
AZANGARO;2009/2010;CAMINACA;11575.71
AZANGARO;2010/2011;CAMINACA;12146.67
AZANGARO;2011/2012;CAMINACA;10588.92
AZANGARO;2012/2013;CAMINACA;11620.51
AZANGARO;2013/2014;CAMINACA;10172.97
AZANGARO;2014/2015;CAMINACA;12795.77
AZANGARO;2015/2016;CAMINACA;10677.65
AZANGARO;2016/2017;CAMINACA;11033.68
AZANGARO;2017/2018;CAMINACA;12931.91
AZANGARO;1996/1997;CHUPA;5374.52
AZANGARO;1997/1998;CHUPA;5587.27
AZANGARO;1998/1999;CHUPA;7896
AZANGARO;1999/2000;CHUPA;8607.27
AZANGARO;2000/2001;CHUPA;8866.03
AZANGARO;2001/2002;CHUPA;10022.64
AZANGARO;2002/2003;CHUPA;10147.12
AZANGARO;2003/2004;CHUPA;8328.36
AZANGARO;2004/2005;CHUPA;10587.27
AZANGARO;2005/2006;CHUPA;9924.07
AZANGARO;2006/2007;CHUPA;9829.36
AZANGARO;2007/2008;CHUPA;7299.01
AZANGARO;2008/2009;CHUPA;7405
AZANGARO;2009/2010;CHUPA;9663.93
AZANGARO;2010/2011;CHUPA;9076.67
AZANGARO;2011/2012;CHUPA;9353.13
AZANGARO;2012/2013;CHUPA;9842.02
AZANGARO;2013/2014;CHUPA;9201.54
AZANGARO;2014/2015;CHUPA;10930.3
AZANGARO;2015/2016;CHUPA;10877.94
AZANGARO;2016/2017;CHUPA;10854.86
AZANGARO;2017/2018;CHUPA;11539.19
AZANGARO;1996/1997;JOSE D. CHOQUEHUANCA;5339.13
AZANGARO;1997/1998;JOSE D. CHOQUEHUANCA;5406.67
AZANGARO;1998/1999;JOSE D. CHOQUEHUANCA;7300
AZANGARO;1999/2000;JOSE D. CHOQUEHUANCA;8160
AZANGARO;2000/2001;JOSE D. CHOQUEHUANCA;8364.34
AZANGARO;2001/2002;JOSE D. CHOQUEHUANCA;9193.55
AZANGARO;2002/2003;JOSE D. CHOQUEHUANCA;9301.37
AZANGARO;2003/2004;JOSE D. CHOQUEHUANCA;9080.25
AZANGARO;2004/2005;JOSE D. CHOQUEHUANCA;8900
AZANGARO;2005/2006;JOSE D. CHOQUEHUANCA;8200
AZANGARO;2006/2007;JOSE D. CHOQUEHUANCA;9078.79
AZANGARO;2007/2008;JOSE D. CHOQUEHUANCA;5915.38
AZANGARO;2008/2009;JOSE D. CHOQUEHUANCA;7012.5
AZANGARO;2009/2010;JOSE D. CHOQUEHUANCA;7622.09
AZANGARO;2010/2011;JOSE D. CHOQUEHUANCA;8435.29
AZANGARO;2011/2012;JOSE D. CHOQUEHUANCA;9641.18
AZANGARO;2012/2013;JOSE D. CHOQUEHUANCA;9448.78
AZANGARO;2013/2014;JOSE D. CHOQUEHUANCA;9166.67
AZANGARO;2014/2015;JOSE D. CHOQUEHUANCA;10880.95
AZANGARO;2015/2016;JOSE D. CHOQUEHUANCA;10100
AZANGARO;2016/2017;JOSE D. CHOQUEHUANCA;11000
AZANGARO;2017/2018;JOSE D. CHOQUEHUANCA;10869.57
AZANGARO;1996/1997;MUÑANI;6480
AZANGARO;1997/1998;MUÑANI;7789.03
AZANGARO;1998/1999;MUÑANI;8157.45
AZANGARO;1999/2000;MUÑANI;7923.4
AZANGARO;2000/2001;MUÑANI;8967.44
AZANGARO;2001/2002;MUÑANI;10793.81
AZANGARO;2002/2003;MUÑANI;10692.7
AZANGARO;2003/2004;MUÑANI;8493.26
AZANGARO;2004/2005;MUÑANI;8620.1
AZANGARO;2005/2006;MUÑANI;8405.53
AZANGARO;2006/2007;MUÑANI;9114.42
AZANGARO;2007/2008;MUÑANI;8306.9
AZANGARO;2008/2009;MUÑANI;8320.51
AZANGARO;2009/2010;MUÑANI;9501.54
AZANGARO;2010/2011;MUÑANI;9829.17
AZANGARO;2011/2012;MUÑANI;9269.23
AZANGARO;2012/2013;MUÑANI;11396.43
AZANGARO;2013/2014;MUÑANI;12742.86
AZANGARO;2014/2015;MUÑANI;13550
AZANGARO;2015/2016;MUÑANI;10724
AZANGARO;2016/2017;MUÑANI;12295
AZANGARO;2017/2018;MUÑANI;12475.56
AZANGARO;1996/1997;POTONI;5500
AZANGARO;1997/1998;POTONI;7200
AZANGARO;1998/1999;POTONI;7916.67
AZANGARO;1999/2000;POTONI;8181.82
AZANGARO;2000/2001;POTONI;8533.33
AZANGARO;2001/2002;POTONI;9777.78
AZANGARO;2002/2003;POTONI;7800
AZANGARO;2003/2004;POTONI;8200
AZANGARO;2004/2005;POTONI;8050
AZANGARO;2005/2006;POTONI;8840
AZANGARO;2006/2007;POTONI;7666.67
AZANGARO;2007/2008;POTONI;7040
AZANGARO;2008/2009;POTONI;7400
AZANGARO;2009/2010;POTONI;7692.31
AZANGARO;2010/2011;POTONI;8769.23
AZANGARO;2011/2012;POTONI;8237.5
AZANGARO;2012/2013;POTONI;9000
AZANGARO;2013/2014;POTONI;10500
AZANGARO;2014/2015;POTONI;10942.86
AZANGARO;2015/2016;POTONI;10160
AZANGARO;2016/2017;POTONI;9942.86
AZANGARO;2017/2018;POTONI;0
AZANGARO;1996/1997;SAMAN;6581.13
AZANGARO;1997/1998;SAMAN;6246.85
AZANGARO;1998/1999;SAMAN;8742.42
AZANGARO;1999/2000;SAMAN;8041.79
AZANGARO;2000/2001;SAMAN;6705
AZANGARO;2001/2002;SAMAN;9063.86
AZANGARO;2002/2003;SAMAN;9986.82
AZANGARO;2003/2004;SAMAN;9898.7
AZANGARO;2004/2005;SAMAN;10611.54
AZANGARO;2005/2006;SAMAN;12362.96
AZANGARO;2006/2007;SAMAN;9390.8
AZANGARO;2007/2008;SAMAN;8311.76
AZANGARO;2008/2009;SAMAN;11689.19
AZANGARO;2009/2010;SAMAN;12735.53
AZANGARO;2010/2011;SAMAN;12835.57
AZANGARO;2011/2012;SAMAN;10130.83
AZANGARO;2012/2013;SAMAN;13098.96
AZANGARO;2013/2014;SAMAN;11551.04
AZANGARO;2014/2015;SAMAN;12976.38
AZANGARO;2015/2016;SAMAN;11045
AZANGARO;2016/2017;SAMAN;12081.7
AZANGARO;2017/2018;SAMAN;13367.2
AZANGARO;1996/1997;SAN ANTON;5352.94
AZANGARO;1997/1998;SAN ANTON;5526.67
AZANGARO;1998/1999;SAN ANTON;7973.33
AZANGARO;1999/2000;SAN ANTON;8423.33
AZANGARO;2000/2001;SAN ANTON;8488.28
AZANGARO;2001/2002;SAN ANTON;10264.52
AZANGARO;2002/2003;SAN ANTON;10150
AZANGARO;2003/2004;SAN ANTON;9517.75
AZANGARO;2004/2005;SAN ANTON;10098.59
AZANGARO;2005/2006;SAN ANTON;9917.33
AZANGARO;2006/2007;SAN ANTON;10342.11
AZANGARO;2007/2008;SAN ANTON;6251.34
AZANGARO;2008/2009;SAN ANTON;7725
AZANGARO;2009/2010;SAN ANTON;8338.1
AZANGARO;2010/2011;SAN ANTON;9097.62
AZANGARO;2011/2012;SAN ANTON;9460.47
AZANGARO;2012/2013;SAN ANTON;9768.9
AZANGARO;2013/2014;SAN ANTON;9041.41
AZANGARO;2014/2015;SAN ANTON;10770.21
AZANGARO;2015/2016;SAN ANTON;10928.57
AZANGARO;2016/2017;SAN ANTON;10613.46
AZANGARO;2017/2018;SAN ANTON;10727.78
AZANGARO;1996/1997;SAN JOSE;5345.59
AZANGARO;1997/1998;SAN JOSE;5551.43
AZANGARO;1998/1999;SAN JOSE;7455.56
AZANGARO;1999/2000;SAN JOSE;8588.57
AZANGARO;2000/2001;SAN JOSE;8477.78
AZANGARO;2001/2002;SAN JOSE;9352.94
AZANGARO;2002/2003;SAN JOSE;9911.95
AZANGARO;2003/2004;SAN JOSE;8965.41
AZANGARO;2004/2005;SAN JOSE;9845.45
AZANGARO;2005/2006;SAN JOSE;9521.13
AZANGARO;2006/2007;SAN JOSE;9986.11
AZANGARO;2007/2008;SAN JOSE;6515.24
AZANGARO;2008/2009;SAN JOSE;7834.21
AZANGARO;2009/2010;SAN JOSE;8301.02
AZANGARO;2010/2011;SAN JOSE;9130.77
AZANGARO;2011/2012;SAN JOSE;9684.71
AZANGARO;2012/2013;SAN JOSE;9414.8
AZANGARO;2013/2014;SAN JOSE;9254.35
AZANGARO;2014/2015;SAN JOSE;10993.33
AZANGARO;2015/2016;SAN JOSE;10881.25
AZANGARO;2016/2017;SAN JOSE;10567.92
AZANGARO;2017/2018;SAN JOSE;10310.71
AZANGARO;1996/1997;SAN JUAN DE SALINAS;5345.24
AZANGARO;1997/1998;SAN JUAN DE SALINAS;5368.18
AZANGARO;1998/1999;SAN JUAN DE SALINAS;7986.36
AZANGARO;1999/2000;SAN JUAN DE SALINAS;8200
AZANGARO;2000/2001;SAN JUAN DE SALINAS;8675.68
AZANGARO;2001/2002;SAN JUAN DE SALINAS;8509.52
AZANGARO;2002/2003;SAN JUAN DE SALINAS;9812.83
AZANGARO;2003/2004;SAN JUAN DE SALINAS;8020
AZANGARO;2004/2005;SAN JUAN DE SALINAS;9418.27
AZANGARO;2005/2006;SAN JUAN DE SALINAS;8395
AZANGARO;2006/2007;SAN JUAN DE SALINAS;7767.44
AZANGARO;2007/2008;SAN JUAN DE SALINAS;5985.37
AZANGARO;2008/2009;SAN JUAN DE SALINAS;7417.39
AZANGARO;2009/2010;SAN JUAN DE SALINAS;7902.04
AZANGARO;2010/2011;SAN JUAN DE SALINAS;8800
AZANGARO;2011/2012;SAN JUAN DE SALINAS;9330.61
AZANGARO;2012/2013;SAN JUAN DE SALINAS;9328
AZANGARO;2013/2014;SAN JUAN DE SALINAS;8996.45
AZANGARO;2014/2015;SAN JUAN DE SALINAS;10722.22
AZANGARO;2015/2016;SAN JUAN DE SALINAS;10931.03
AZANGARO;2016/2017;SAN JUAN DE SALINAS;10802.58
AZANGARO;2017/2018;SAN JUAN DE SALINAS;10809.09
AZANGARO;1996/1997;SANTIAGO DE PUPUJA;5355.74
AZANGARO;1997/1998;SANTIAGO DE PUPUJA;5484.44
AZANGARO;1998/1999;SANTIAGO DE PUPUJA;7347.83
AZANGARO;1999/2000;SANTIAGO DE PUPUJA;8468.75
AZANGARO;2000/2001;SANTIAGO DE PUPUJA;8472.22
AZANGARO;2001/2002;SANTIAGO DE PUPUJA;9626
AZANGARO;2002/2003;SANTIAGO DE PUPUJA;9886.79
AZANGARO;2003/2004;SANTIAGO DE PUPUJA;8586.78
AZANGARO;2004/2005;SANTIAGO DE PUPUJA;9430.77
AZANGARO;2005/2006;SANTIAGO DE PUPUJA;8720.69
AZANGARO;2006/2007;SANTIAGO DE PUPUJA;8750
AZANGARO;2007/2008;SANTIAGO DE PUPUJA;5900.87
AZANGARO;2008/2009;SANTIAGO DE PUPUJA;7273.85
AZANGARO;2009/2010;SANTIAGO DE PUPUJA;7801.52
AZANGARO;2010/2011;SANTIAGO DE PUPUJA;9529.23
AZANGARO;2011/2012;SANTIAGO DE PUPUJA;9350
AZANGARO;2012/2013;SANTIAGO DE PUPUJA;9317.04
AZANGARO;2013/2014;SANTIAGO DE PUPUJA;9283.04
AZANGARO;2014/2015;SANTIAGO DE PUPUJA;11011.33
AZANGARO;2015/2016;SANTIAGO DE PUPUJA;10274.36
AZANGARO;2016/2017;SANTIAGO DE PUPUJA;10591.46
AZANGARO;2017/2018;SANTIAGO DE PUPUJA;10287.23
AZANGARO;1996/1997;TIRAPATA;5346.53
AZANGARO;1997/1998;TIRAPATA;6280
AZANGARO;1998/1999;TIRAPATA;7765.38
AZANGARO;1999/2000;TIRAPATA;8576
AZANGARO;2000/2001;TIRAPATA;8425
AZANGARO;2001/2002;TIRAPATA;9487.5
AZANGARO;2002/2003;TIRAPATA;10087.14
AZANGARO;2003/2004;TIRAPATA;8566.93
AZANGARO;2004/2005;TIRAPATA;9580.77
AZANGARO;2005/2006;TIRAPATA;9588.89
AZANGARO;2006/2007;TIRAPATA;8705.45
AZANGARO;2007/2008;TIRAPATA;6352.94
AZANGARO;2008/2009;TIRAPATA;7316
AZANGARO;2009/2010;TIRAPATA;7909.77
AZANGARO;2010/2011;TIRAPATA;8509.09
AZANGARO;2011/2012;TIRAPATA;9139.29
AZANGARO;2012/2013;TIRAPATA;9755.93
AZANGARO;2013/2014;TIRAPATA;8726.67
AZANGARO;2014/2015;TIRAPATA;10456.55
AZANGARO;2015/2016;TIRAPATA;10245.16
AZANGARO;2016/2017;TIRAPATA;10615
AZANGARO;2017/2018;TIRAPATA;10062.5
CARABAYA;1996/1997;AJOYANI;6500
CARABAYA;1997/1998;AJOYANI;7476.92
CARABAYA;1998/1999;AJOYANI;9355.56
CARABAYA;1999/2000;AJOYANI;8582.61
CARABAYA;2000/2001;AJOYANI;8666.67
CARABAYA;2001/2002;AJOYANI;9888.24
CARABAYA;2002/2003;AJOYANI;10963.41
CARABAYA;2003/2004;AJOYANI;10045.63
CARABAYA;2004/2005;AJOYANI;10176
CARABAYA;2005/2006;AJOYANI;11163.42
CARABAYA;2006/2007;AJOYANI;10165.38
CARABAYA;2007/2008;AJOYANI;10600.78
CARABAYA;2008/2009;AJOYANI;12032
CARABAYA;2009/2010;AJOYANI;12295.83
CARABAYA;2010/2011;AJOYANI;12120.83
CARABAYA;2011/2012;AJOYANI;11855.37
CARABAYA;2012/2013;AJOYANI;11607.02
CARABAYA;2013/2014;AJOYANI;12063.16
CARABAYA;2014/2015;AJOYANI;12882.76
CARABAYA;2015/2016;AJOYANI;14600
CARABAYA;2016/2017;AJOYANI;13750
CARABAYA;2017/2018;AJOYANI;13759.38
CARABAYA;1996/1997;AYAPATA;8735.52
CARABAYA;1997/1998;AYAPATA;7685.25
CARABAYA;1998/1999;AYAPATA;10165.9
CARABAYA;1999/2000;AYAPATA;10080
CARABAYA;2000/2001;AYAPATA;9634.64
CARABAYA;2001/2002;AYAPATA;11738.29
CARABAYA;2002/2003;AYAPATA;10827.97
CARABAYA;2003/2004;AYAPATA;10162.76
CARABAYA;2004/2005;AYAPATA;11207.13
CARABAYA;2005/2006;AYAPATA;11563.6
CARABAYA;2006/2007;AYAPATA;11601.55
CARABAYA;2007/2008;AYAPATA;11823.51
CARABAYA;2008/2009;AYAPATA;12097.24
CARABAYA;2009/2010;AYAPATA;13557.49
CARABAYA;2010/2011;AYAPATA;13374.91
CARABAYA;2011/2012;AYAPATA;13080.97
CARABAYA;2012/2013;AYAPATA;13158.08
CARABAYA;2013/2014;AYAPATA;14318.63
CARABAYA;2014/2015;AYAPATA;14820.47
CARABAYA;2015/2016;AYAPATA;16213.75
CARABAYA;2016/2017;AYAPATA;15703.1
CARABAYA;2017/2018;AYAPATA;15854.58
CARABAYA;1996/1997;COASA;7232.88
CARABAYA;1997/1998;COASA;7272.94
CARABAYA;1998/1999;COASA;9210.53
CARABAYA;1999/2000;COASA;10718.07
CARABAYA;2000/2001;COASA;9766.91
CARABAYA;2001/2002;COASA;11112.1
CARABAYA;2002/2003;COASA;10825.38
CARABAYA;2003/2004;COASA;10073.61
CARABAYA;2004/2005;COASA;11127.96
CARABAYA;2005/2006;COASA;11468.75
CARABAYA;2006/2007;COASA;11853.09
CARABAYA;2007/2008;COASA;11518.6
CARABAYA;2008/2009;COASA;12458.82
CARABAYA;2009/2010;COASA;14097.54
CARABAYA;2010/2011;COASA;13421.6
CARABAYA;2011/2012;COASA;12267.01
CARABAYA;2012/2013;COASA;12832.57
CARABAYA;2013/2014;COASA;14106.8
CARABAYA;2014/2015;COASA;14256.66
CARABAYA;2015/2016;COASA;14502.9
CARABAYA;2016/2017;COASA;14913.92
CARABAYA;2017/2018;COASA;15271.92
CARABAYA;1996/1997;CORANI;7892.47
CARABAYA;1997/1998;CORANI;7898.45
CARABAYA;1998/1999;CORANI;8656.34
CARABAYA;1999/2000;CORANI;9650
CARABAYA;2000/2001;CORANI;8797.37
CARABAYA;2001/2002;CORANI;10853.49
CARABAYA;2002/2003;CORANI;10298.01
CARABAYA;2003/2004;CORANI;9877.78
CARABAYA;2004/2005;CORANI;10225.32
CARABAYA;2005/2006;CORANI;12066.67
CARABAYA;2006/2007;CORANI;11193.88
CARABAYA;2007/2008;CORANI;11739.81
CARABAYA;2008/2009;CORANI;13061.02
CARABAYA;2009/2010;CORANI;13940.38
CARABAYA;2010/2011;CORANI;13580.77
CARABAYA;2011/2012;CORANI;10548.08
CARABAYA;2012/2013;CORANI;12393.88
CARABAYA;2013/2014;CORANI;12505.45
CARABAYA;2014/2015;CORANI;13000
CARABAYA;2015/2016;CORANI;13494.76
CARABAYA;2016/2017;CORANI;13457.63
CARABAYA;2017/2018;CORANI;13834.19
CARABAYA;1996/1997;SAN GABAN;0
CARABAYA;1997/1998;SAN GABAN;0
CARABAYA;1998/1999;SAN GABAN;0
CARABAYA;1999/2000;SAN GABAN;0
CARABAYA;2000/2001;SAN GABAN;0
CARABAYA;2001/2002;SAN GABAN;0
CARABAYA;2002/2003;SAN GABAN;0
CARABAYA;2003/2004;SAN GABAN;0
CARABAYA;2004/2005;SAN GABAN;0
CARABAYA;2005/2006;SAN GABAN;0
CARABAYA;2006/2007;SAN GABAN;0
CARABAYA;2007/2008;SAN GABAN;0
CARABAYA;2008/2009;SAN GABAN;0
CARABAYA;2009/2010;SAN GABAN;0
CARABAYA;2010/2011;SAN GABAN;0
CARABAYA;2011/2012;SAN GABAN;0
CARABAYA;2012/2013;SAN GABAN;0
CARABAYA;2013/2014;SAN GABAN;0
CARABAYA;2014/2015;SAN GABAN;0
CARABAYA;2015/2016;SAN GABAN;0
CARABAYA;2016/2017;SAN GABAN;0
CARABAYA;2017/2018;SAN GABAN;0
CARABAYA;1996/1997;USICAYOS;7571.43
CARABAYA;1997/1998;USICAYOS;7590.41
CARABAYA;1998/1999;USICAYOS;8920.26
CARABAYA;1999/2000;USICAYOS;9533.73
CARABAYA;2000/2001;USICAYOS;9696.82
CARABAYA;2001/2002;USICAYOS;11150.42
CARABAYA;2002/2003;USICAYOS;10750.62
CARABAYA;2003/2004;USICAYOS;10218.13
CARABAYA;2004/2005;USICAYOS;10108.3
CARABAYA;2005/2006;USICAYOS;11061.57
CARABAYA;2006/2007;USICAYOS;10374.77
CARABAYA;2007/2008;USICAYOS;10781.99
CARABAYA;2008/2009;USICAYOS;9958.06
CARABAYA;2009/2010;USICAYOS;11001.68
CARABAYA;2010/2011;USICAYOS;12513.78
CARABAYA;2011/2012;USICAYOS;12267.93
CARABAYA;2012/2013;USICAYOS;12759.83
CARABAYA;2013/2014;USICAYOS;13768.1
CARABAYA;2014/2015;USICAYOS;13673.19
CARABAYA;2015/2016;USICAYOS;13885.03
CARABAYA;2016/2017;USICAYOS;13702.08
CARABAYA;2017/2018;USICAYOS;13991.67
CARABAYA;1996/1997;CRUCERO;7475
CARABAYA;1997/1998;CRUCERO;6878.21
CARABAYA;1998/1999;CRUCERO;8252.43
CARABAYA;1999/2000;CRUCERO;9423.33
CARABAYA;2000/2001;CRUCERO;8350
CARABAYA;2001/2002;CRUCERO;9734.21
CARABAYA;2002/2003;CRUCERO;9975.31
CARABAYA;2003/2004;CRUCERO;9827.42
CARABAYA;2004/2005;CRUCERO;10193.78
CARABAYA;2005/2006;CRUCERO;12081.51
CARABAYA;2006/2007;CRUCERO;12062.5
CARABAYA;2007/2008;CRUCERO;10472.69
CARABAYA;2008/2009;CRUCERO;12264.15
CARABAYA;2009/2010;CRUCERO;13521.67
CARABAYA;2010/2011;CRUCERO;12511.97
CARABAYA;2011/2012;CRUCERO;11954.3
CARABAYA;2012/2013;CRUCERO;12075.63
CARABAYA;2013/2014;CRUCERO;13076.68
CARABAYA;2014/2015;CRUCERO;13735.29
CARABAYA;2015/2016;CRUCERO;14387.06
CARABAYA;2016/2017;CRUCERO;14184
CARABAYA;2017/2018;CRUCERO;14273
CARABAYA;1996/1997;ITUATA;8031.71
CARABAYA;1997/1998;ITUATA;7816.57
CARABAYA;1998/1999;ITUATA;8766.94
CARABAYA;1999/2000;ITUATA;9786
CARABAYA;2000/2001;ITUATA;8571.74
CARABAYA;2001/2002;ITUATA;9986.42
CARABAYA;2002/2003;ITUATA;10534.86
CARABAYA;2003/2004;ITUATA;9815.35
CARABAYA;2004/2005;ITUATA;11083.81
CARABAYA;2005/2006;ITUATA;11928.95
CARABAYA;2006/2007;ITUATA;11575.32
CARABAYA;2007/2008;ITUATA;11334.22
CARABAYA;2008/2009;ITUATA;12484.02
CARABAYA;2009/2010;ITUATA;13623.46
CARABAYA;2010/2011;ITUATA;12697.32
CARABAYA;2011/2012;ITUATA;12168.18
CARABAYA;2012/2013;ITUATA;12242.16
CARABAYA;2013/2014;ITUATA;13203.09
CARABAYA;2014/2015;ITUATA;13781.82
CARABAYA;2015/2016;ITUATA;14095.06
CARABAYA;2016/2017;ITUATA;14187.9
CARABAYA;2017/2018;ITUATA;14253.13
CARABAYA;1996/1997;MACUSANI;7782.11
CARABAYA;1997/1998;MACUSANI;7644.62
CARABAYA;1998/1999;MACUSANI;9023.44
CARABAYA;1999/2000;MACUSANI;8666.1
CARABAYA;2000/2001;MACUSANI;8225.49
CARABAYA;2001/2002;MACUSANI;10163.08
CARABAYA;2002/2003;MACUSANI;9889.92
CARABAYA;2003/2004;MACUSANI;8732.31
CARABAYA;2004/2005;MACUSANI;11081.79
CARABAYA;2005/2006;MACUSANI;10294.74
CARABAYA;2006/2007;MACUSANI;10013.12
CARABAYA;2007/2008;MACUSANI;10280.79
CARABAYA;2008/2009;MACUSANI;13580.69
CARABAYA;2009/2010;MACUSANI;13802.67
CARABAYA;2010/2011;MACUSANI;12854.93
CARABAYA;2011/2012;MACUSANI;11950.7
CARABAYA;2012/2013;MACUSANI;12076.5
CARABAYA;2013/2014;MACUSANI;12472.83
CARABAYA;2014/2015;MACUSANI;12903.23
CARABAYA;2015/2016;MACUSANI;13343.16
CARABAYA;2016/2017;MACUSANI;13075
CARABAYA;2017/2018;MACUSANI;13446.39
CARABAYA;1996/1997;OLLACHEA;7488.46
CARABAYA;1997/1998;OLLACHEA;7427.57
CARABAYA;1998/1999;OLLACHEA;8977.78
CARABAYA;1999/2000;OLLACHEA;9290.24
CARABAYA;2000/2001;OLLACHEA;9053.19
CARABAYA;2001/2002;OLLACHEA;10443.84
CARABAYA;2002/2003;OLLACHEA;10362.26
CARABAYA;2003/2004;OLLACHEA;10098.61
CARABAYA;2004/2005;OLLACHEA;9983.36
CARABAYA;2005/2006;OLLACHEA;11767.58
CARABAYA;2006/2007;OLLACHEA;11478.44
CARABAYA;2007/2008;OLLACHEA;11117.14
CARABAYA;2008/2009;OLLACHEA;12756.39
CARABAYA;2009/2010;OLLACHEA;12745.16
CARABAYA;2010/2011;OLLACHEA;12433.94
CARABAYA;2011/2012;OLLACHEA;12377.64
CARABAYA;2012/2013;OLLACHEA;12595.63
CARABAYA;2013/2014;OLLACHEA;13353.25
CARABAYA;2014/2015;OLLACHEA;13641.12
CARABAYA;2015/2016;OLLACHEA;14175.21
CARABAYA;2016/2017;OLLACHEA;14145.45
CARABAYA;2017/2018;OLLACHEA;14261.73
CHUCHUITO;1996/1997;DESAGUADERO;7375.61
CHUCHUITO;1997/1998;DESAGUADERO;6429.27
CHUCHUITO;1998/1999;DESAGUADERO;8671.11
CHUCHUITO;1999/2000;DESAGUADERO;10370
CHUCHUITO;2000/2001;DESAGUADERO;7845.74
CHUCHUITO;2001/2002;DESAGUADERO;9983.96
CHUCHUITO;2002/2003;DESAGUADERO;9977.65
CHUCHUITO;2003/2004;DESAGUADERO;8128.87
CHUCHUITO;2004/2005;DESAGUADERO;9861.95
CHUCHUITO;2005/2006;DESAGUADERO;9337.35
CHUCHUITO;2006/2007;DESAGUADERO;9512.5
CHUCHUITO;2007/2008;DESAGUADERO;9653.06
CHUCHUITO;2008/2009;DESAGUADERO;8840.91
CHUCHUITO;2009/2010;DESAGUADERO;9966.67
CHUCHUITO;2010/2011;DESAGUADERO;8788.46
CHUCHUITO;2011/2012;DESAGUADERO;9394.19
CHUCHUITO;2012/2013;DESAGUADERO;10991.49
CHUCHUITO;2013/2014;DESAGUADERO;11459.57
CHUCHUITO;2014/2015;DESAGUADERO;10916
CHUCHUITO;2015/2016;DESAGUADERO;7572
CHUCHUITO;2016/2017;DESAGUADERO;10203.51
CHUCHUITO;2017/2018;DESAGUADERO;11976.67
CHUCHUITO;1996/1997;HUACULLANI;7344.68
CHUCHUITO;1997/1998;HUACULLANI;5850.2
CHUCHUITO;1998/1999;HUACULLANI;7827.27
CHUCHUITO;1999/2000;HUACULLANI;9421.43
CHUCHUITO;2000/2001;HUACULLANI;7480.31
CHUCHUITO;2001/2002;HUACULLANI;8167.74
CHUCHUITO;2002/2003;HUACULLANI;9263.16
CHUCHUITO;2003/2004;HUACULLANI;8069.18
CHUCHUITO;2004/2005;HUACULLANI;8611.76
CHUCHUITO;2005/2006;HUACULLANI;6833.33
CHUCHUITO;2006/2007;HUACULLANI;9236.84
CHUCHUITO;2007/2008;HUACULLANI;7068.42
CHUCHUITO;2008/2009;HUACULLANI;8850
CHUCHUITO;2009/2010;HUACULLANI;9323.81
CHUCHUITO;2010/2011;HUACULLANI;8851.49
CHUCHUITO;2011/2012;HUACULLANI;9885.17
CHUCHUITO;2012/2013;HUACULLANI;10283.72
CHUCHUITO;2013/2014;HUACULLANI;11200
CHUCHUITO;2014/2015;HUACULLANI;10831.37
CHUCHUITO;2015/2016;HUACULLANI;7863.64
CHUCHUITO;2016/2017;HUACULLANI;10622.73
CHUCHUITO;2017/2018;HUACULLANI;10882.76
CHUCHUITO;1996/1997;JULI;7423.38
CHUCHUITO;1997/1998;JULI;6366.55
CHUCHUITO;1998/1999;JULI;10087.41
CHUCHUITO;1999/2000;JULI;10727.81
CHUCHUITO;2000/2001;JULI;8843.63
CHUCHUITO;2001/2002;JULI;10994.91
CHUCHUITO;2002/2003;JULI;10808.62
CHUCHUITO;2003/2004;JULI;8602.89
CHUCHUITO;2004/2005;JULI;10424.64
CHUCHUITO;2005/2006;JULI;8762.65
CHUCHUITO;2006/2007;JULI;10314.84
CHUCHUITO;2007/2008;JULI;10470.33
CHUCHUITO;2008/2009;JULI;10033.21
CHUCHUITO;2009/2010;JULI;11670.8
CHUCHUITO;2010/2011;JULI;11263.24
CHUCHUITO;2011/2012;JULI;11418.8
CHUCHUITO;2012/2013;JULI;12179.7
CHUCHUITO;2013/2014;JULI;11851.47
CHUCHUITO;2014/2015;JULI;12864.9
CHUCHUITO;2015/2016;JULI;9516.18
CHUCHUITO;2016/2017;JULI;12321.11
CHUCHUITO;2017/2018;JULI;14700.77
CHUCHUITO;1996/1997;KELLUYO;7447.89
CHUCHUITO;1997/1998;KELLUYO;5909.09
CHUCHUITO;1998/1999;KELLUYO;7725
CHUCHUITO;1999/2000;KELLUYO;9425
CHUCHUITO;2000/2001;KELLUYO;7131.58
CHUCHUITO;2001/2002;KELLUYO;8272.22
CHUCHUITO;2002/2003;KELLUYO;9985.71
CHUCHUITO;2003/2004;KELLUYO;7779.71
CHUCHUITO;2004/2005;KELLUYO;9400
CHUCHUITO;2005/2006;KELLUYO;7368.57
CHUCHUITO;2006/2007;KELLUYO;7660.61
CHUCHUITO;2007/2008;KELLUYO;7320.51
CHUCHUITO;2008/2009;KELLUYO;8810.96
CHUCHUITO;2009/2010;KELLUYO;9450
CHUCHUITO;2010/2011;KELLUYO;10888.57
CHUCHUITO;2011/2012;KELLUYO;10430.99
CHUCHUITO;2012/2013;KELLUYO;10780.56
CHUCHUITO;2013/2014;KELLUYO;11198.76
CHUCHUITO;2014/2015;KELLUYO;5702.44
CHUCHUITO;2015/2016;KELLUYO;7567.5
CHUCHUITO;2016/2017;KELLUYO;9292.31
CHUCHUITO;2017/2018;KELLUYO;10059.7
CHUCHUITO;1996/1997;PISACOMA;7353.85
CHUCHUITO;1997/1998;PISACOMA;5964.71
CHUCHUITO;1998/1999;PISACOMA;7476.92
CHUCHUITO;1999/2000;PISACOMA;7925
CHUCHUITO;2000/2001;PISACOMA;7300
CHUCHUITO;2001/2002;PISACOMA;8363.64
CHUCHUITO;2002/2003;PISACOMA;8963.86
CHUCHUITO;2003/2004;PISACOMA;7677.78
CHUCHUITO;2004/2005;PISACOMA;9300
CHUCHUITO;2005/2006;PISACOMA;8757.28
CHUCHUITO;2006/2007;PISACOMA;6977.27
CHUCHUITO;2007/2008;PISACOMA;6041.67
CHUCHUITO;2008/2009;PISACOMA;7000
CHUCHUITO;2009/2010;PISACOMA;9880
CHUCHUITO;2010/2011;PISACOMA;10659.09
CHUCHUITO;2011/2012;PISACOMA;9904.76
CHUCHUITO;2012/2013;PISACOMA;10179.1
CHUCHUITO;2013/2014;PISACOMA;10966.67
CHUCHUITO;2014/2015;PISACOMA;10413.33
CHUCHUITO;2015/2016;PISACOMA;7600
CHUCHUITO;2016/2017;PISACOMA;9725
CHUCHUITO;2017/2018;PISACOMA;10314.29
CHUCHUITO;1996/1997;POMATA;7400.87
CHUCHUITO;1997/1998;POMATA;6338.49
CHUCHUITO;1998/1999;POMATA;9498.85
CHUCHUITO;1999/2000;POMATA;10697.33
CHUCHUITO;2000/2001;POMATA;8243.71
CHUCHUITO;2001/2002;POMATA;10300.72
CHUCHUITO;2002/2003;POMATA;10038.92
CHUCHUITO;2003/2004;POMATA;8887.55
CHUCHUITO;2004/2005;POMATA;11220.78
CHUCHUITO;2005/2006;POMATA;9382.41
CHUCHUITO;2006/2007;POMATA;11060.71
CHUCHUITO;2007/2008;POMATA;12120.84
CHUCHUITO;2008/2009;POMATA;9994.74
CHUCHUITO;2009/2010;POMATA;10603.36
CHUCHUITO;2010/2011;POMATA;11950.54
CHUCHUITO;2011/2012;POMATA;12328.33
CHUCHUITO;2012/2013;POMATA;12254.19
CHUCHUITO;2013/2014;POMATA;11866.67
CHUCHUITO;2014/2015;POMATA;9103.07
CHUCHUITO;2015/2016;POMATA;9300
CHUCHUITO;2016/2017;POMATA;11013.46
CHUCHUITO;2017/2018;POMATA;13743.33
CHUCHUITO;1996/1997;ZEPITA;7419.73
CHUCHUITO;1997/1998;ZEPITA;6352.9
CHUCHUITO;1998/1999;ZEPITA;9079.84
CHUCHUITO;1999/2000;ZEPITA;10501.05
CHUCHUITO;2000/2001;ZEPITA;7713.44
CHUCHUITO;2001/2002;ZEPITA;10027.78
CHUCHUITO;2002/2003;ZEPITA;10749.58
CHUCHUITO;2003/2004;ZEPITA;9282.63
CHUCHUITO;2004/2005;ZEPITA;12217.5
CHUCHUITO;2005/2006;ZEPITA;8218.62
CHUCHUITO;2006/2007;ZEPITA;8569.57
CHUCHUITO;2007/2008;ZEPITA;10492.61
CHUCHUITO;2008/2009;ZEPITA;10017.21
CHUCHUITO;2009/2010;ZEPITA;11281.25
CHUCHUITO;2010/2011;ZEPITA;12058.38
CHUCHUITO;2011/2012;ZEPITA;12117.06
CHUCHUITO;2012/2013;ZEPITA;11851.97
CHUCHUITO;2013/2014;ZEPITA;11429.92
CHUCHUITO;2014/2015;ZEPITA;10954.58
CHUCHUITO;2015/2016;ZEPITA;9386.67
CHUCHUITO;2016/2017;ZEPITA;11291.67
CHUCHUITO;2017/2018;ZEPITA;13925.58
EL COLLAO;1996/1997;CONDURIRI;0
EL COLLAO;1997/1998;CONDURIRI;0
EL COLLAO;1998/1999;CONDURIRI;0
EL COLLAO;1999/2000;CONDURIRI;0
EL COLLAO;2000/2001;CONDURIRI;5600
EL COLLAO;2001/2002;CONDURIRI;6900
EL COLLAO;2002/2003;CONDURIRI;7750
EL COLLAO;2003/2004;CONDURIRI;7000
EL COLLAO;2004/2005;CONDURIRI;7571.43
EL COLLAO;2005/2006;CONDURIRI;8375
EL COLLAO;2006/2007;CONDURIRI;9777.78
EL COLLAO;2007/2008;CONDURIRI;9800
EL COLLAO;2008/2009;CONDURIRI;9900
EL COLLAO;2009/2010;CONDURIRI;10875
EL COLLAO;2010/2011;CONDURIRI;9866.67
EL COLLAO;2011/2012;CONDURIRI;10444.44
EL COLLAO;2012/2013;CONDURIRI;8235.29
EL COLLAO;2013/2014;CONDURIRI;11200
EL COLLAO;2014/2015;CONDURIRI;9750
EL COLLAO;2015/2016;CONDURIRI;9888.89
EL COLLAO;2016/2017;CONDURIRI;11000
EL COLLAO;2017/2018;CONDURIRI;11850
EL COLLAO;1996/1997;ILAVE;5386.32
EL COLLAO;1997/1998;ILAVE;8025.99
EL COLLAO;1998/1999;ILAVE;9738.49
EL COLLAO;1999/2000;ILAVE;10616.29
EL COLLAO;2000/2001;ILAVE;8967
EL COLLAO;2001/2002;ILAVE;10988.18
EL COLLAO;2002/2003;ILAVE;10098.79
EL COLLAO;2003/2004;ILAVE;8253.91
EL COLLAO;2004/2005;ILAVE;11906.87
EL COLLAO;2005/2006;ILAVE;9413.79
EL COLLAO;2006/2007;ILAVE;9810.61
EL COLLAO;2007/2008;ILAVE;10891.05
EL COLLAO;2008/2009;ILAVE;10006.11
EL COLLAO;2009/2010;ILAVE;11176.18
EL COLLAO;2010/2011;ILAVE;11133.46
EL COLLAO;2011/2012;ILAVE;10703.39
EL COLLAO;2012/2013;ILAVE;11665.8
EL COLLAO;2013/2014;ILAVE;11676.25
EL COLLAO;2014/2015;ILAVE;11167.15
EL COLLAO;2015/2016;ILAVE;9959.99
EL COLLAO;2016/2017;ILAVE;12497.88
EL COLLAO;2017/2018;ILAVE;13151.73
EL COLLAO;1996/1997;PILCUYO;5380.45
EL COLLAO;1997/1998;PILCUYO;8657.89
EL COLLAO;1998/1999;PILCUYO;9713.53
EL COLLAO;1999/2000;PILCUYO;10464.86
EL COLLAO;2000/2001;PILCUYO;8647.22
EL COLLAO;2001/2002;PILCUYO;10677.67
EL COLLAO;2002/2003;PILCUYO;9977.21
EL COLLAO;2003/2004;PILCUYO;8572.31
EL COLLAO;2004/2005;PILCUYO;12555.78
EL COLLAO;2005/2006;PILCUYO;10067.06
EL COLLAO;2006/2007;PILCUYO;9869.38
EL COLLAO;2007/2008;PILCUYO;10805.83
EL COLLAO;2008/2009;PILCUYO;9985.46
EL COLLAO;2009/2010;PILCUYO;11143.89
EL COLLAO;2010/2011;PILCUYO;10489.96
EL COLLAO;2011/2012;PILCUYO;10418.27
EL COLLAO;2012/2013;PILCUYO;11763.16
EL COLLAO;2013/2014;PILCUYO;11648.49
EL COLLAO;2014/2015;PILCUYO;11048.33
EL COLLAO;2015/2016;PILCUYO;9950.13
EL COLLAO;2016/2017;PILCUYO;11997.38
EL COLLAO;2017/2018;PILCUYO;13374.03
HUANCANE;1996/1997;COJATA;4000
HUANCANE;1997/1998;COJATA;5800
HUANCANE;1998/1999;COJATA;5600
HUANCANE;1999/2000;COJATA;7200
HUANCANE;2000/2001;COJATA;6100
HUANCANE;2001/2002;COJATA;7200
HUANCANE;2002/2003;COJATA;7800
HUANCANE;2003/2004;COJATA;7000
HUANCANE;2004/2005;COJATA;6533.33
HUANCANE;2005/2006;COJATA;7266.67
HUANCANE;2006/2007;COJATA;7066.67
HUANCANE;2007/2008;COJATA;6714.29
HUANCANE;2008/2009;COJATA;7100
HUANCANE;2009/2010;COJATA;7680
HUANCANE;2010/2011;COJATA;7238.1
HUANCANE;2011/2012;COJATA;8125
HUANCANE;2012/2013;COJATA;8666.67
HUANCANE;2013/2014;COJATA;7800
HUANCANE;2014/2015;COJATA;10600
HUANCANE;2015/2016;COJATA;9600
HUANCANE;2016/2017;COJATA;10050
HUANCANE;2017/2018;COJATA;8500
HUANCANE;1996/1997;HUANCANE;6248.65
HUANCANE;1997/1998;HUANCANE;5768
HUANCANE;1998/1999;HUANCANE;9387.21
HUANCANE;1999/2000;HUANCANE;9221.57
HUANCANE;2000/2001;HUANCANE;7891.66
HUANCANE;2001/2002;HUANCANE;10126.66
HUANCANE;2002/2003;HUANCANE;10109
HUANCANE;2003/2004;HUANCANE;8384.62
HUANCANE;2004/2005;HUANCANE;9003.16
HUANCANE;2005/2006;HUANCANE;9455.21
HUANCANE;2006/2007;HUANCANE;9949.35
HUANCANE;2007/2008;HUANCANE;9079.7
HUANCANE;2008/2009;HUANCANE;8858.21
HUANCANE;2009/2010;HUANCANE;8616.24
HUANCANE;2010/2011;HUANCANE;9186.47
HUANCANE;2011/2012;HUANCANE;10247.91
HUANCANE;2012/2013;HUANCANE;10051.59
HUANCANE;2013/2014;HUANCANE;10832.32
HUANCANE;2014/2015;HUANCANE;12803.79
HUANCANE;2015/2016;HUANCANE;10097.6
HUANCANE;2016/2017;HUANCANE;11691.54
HUANCANE;2017/2018;HUANCANE;13410.4
HUANCANE;1996/1997;HUATASANI;5692.31
HUANCANE;1997/1998;HUATASANI;4793.1
HUANCANE;1998/1999;HUATASANI;7824.56
HUANCANE;1999/2000;HUATASANI;8473.91
HUANCANE;2000/2001;HUATASANI;6344.44
HUANCANE;2001/2002;HUATASANI;9224
HUANCANE;2002/2003;HUATASANI;9762.3
HUANCANE;2003/2004;HUATASANI;8928
HUANCANE;2004/2005;HUATASANI;9261.9
HUANCANE;2005/2006;HUATASANI;8720.93
HUANCANE;2006/2007;HUATASANI;8365.22
HUANCANE;2007/2008;HUATASANI;8533.04
HUANCANE;2008/2009;HUATASANI;8395.74
HUANCANE;2009/2010;HUATASANI;7671.64
HUANCANE;2010/2011;HUATASANI;9825
HUANCANE;2011/2012;HUATASANI;9313.73
HUANCANE;2012/2013;HUATASANI;9827.21
HUANCANE;2013/2014;HUATASANI;10539.29
HUANCANE;2014/2015;HUATASANI;12074.63
HUANCANE;2015/2016;HUATASANI;10400
HUANCANE;2016/2017;HUATASANI;11359.52
HUANCANE;2017/2018;HUATASANI;13137.78
HUANCANE;1996/1997;INCHUPALLA;4517.47
HUANCANE;1997/1998;INCHUPALLA;5017.86
HUANCANE;1998/1999;INCHUPALLA;6353.33
HUANCANE;1999/2000;INCHUPALLA;7640.48
HUANCANE;2000/2001;INCHUPALLA;6972.5
HUANCANE;2001/2002;INCHUPALLA;8302.38
HUANCANE;2002/2003;INCHUPALLA;9887.69
HUANCANE;2003/2004;INCHUPALLA;8636.36
HUANCANE;2004/2005;INCHUPALLA;8969.23
HUANCANE;2005/2006;INCHUPALLA;7167.92
HUANCANE;2006/2007;INCHUPALLA;8098.18
HUANCANE;2007/2008;INCHUPALLA;8171.15
HUANCANE;2008/2009;INCHUPALLA;8388.89
HUANCANE;2009/2010;INCHUPALLA;6911.65
HUANCANE;2010/2011;INCHUPALLA;9019.08
HUANCANE;2011/2012;INCHUPALLA;9374
HUANCANE;2012/2013;INCHUPALLA;9918.37
HUANCANE;2013/2014;INCHUPALLA;10677.17
HUANCANE;2014/2015;INCHUPALLA;12084.48
HUANCANE;2015/2016;INCHUPALLA;10794.39
HUANCANE;2016/2017;INCHUPALLA;11390
HUANCANE;2017/2018;INCHUPALLA;13428.57
HUANCANE;1996/1997;PUSI;6633.77
HUANCANE;1997/1998;PUSI;7312
HUANCANE;1998/1999;PUSI;9171.05
HUANCANE;1999/2000;PUSI;8442.86
HUANCANE;2000/2001;PUSI;6852.78
HUANCANE;2001/2002;PUSI;9828.26
HUANCANE;2002/2003;PUSI;10749.45
HUANCANE;2003/2004;PUSI;10540
HUANCANE;2004/2005;PUSI;11459.46
HUANCANE;2005/2006;PUSI;10381.51
HUANCANE;2006/2007;PUSI;8946.03
HUANCANE;2007/2008;PUSI;8244
HUANCANE;2008/2009;PUSI;11468.66
HUANCANE;2009/2010;PUSI;13388.49
HUANCANE;2010/2011;PUSI;13669.01
HUANCANE;2011/2012;PUSI;11440.37
HUANCANE;2012/2013;PUSI;12530.26
HUANCANE;2013/2014;PUSI;14555.68
HUANCANE;2014/2015;PUSI;15945.45
HUANCANE;2015/2016;PUSI;12434.94
HUANCANE;2016/2017;PUSI;13456.32
HUANCANE;2017/2018;PUSI;14764.77
HUANCANE;1996/1997;ROSASPATA;5553.85
HUANCANE;1997/1998;ROSASPATA;5121.15
HUANCANE;1998/1999;ROSASPATA;6920
HUANCANE;1999/2000;ROSASPATA;7397.96
HUANCANE;2000/2001;ROSASPATA;5819.51
HUANCANE;2001/2002;ROSASPATA;8852.85
HUANCANE;2002/2003;ROSASPATA;8673.57
HUANCANE;2003/2004;ROSASPATA;7980.54
HUANCANE;2004/2005;ROSASPATA;8705.11
HUANCANE;2005/2006;ROSASPATA;6692.65
HUANCANE;2006/2007;ROSASPATA;7214.29
HUANCANE;2007/2008;ROSASPATA;7238.6
HUANCANE;2008/2009;ROSASPATA;8683.53
HUANCANE;2009/2010;ROSASPATA;7189.27
HUANCANE;2010/2011;ROSASPATA;9427.67
HUANCANE;2011/2012;ROSASPATA;9873.56
HUANCANE;2012/2013;ROSASPATA;10134.11
HUANCANE;2013/2014;ROSASPATA;10531.71
HUANCANE;2014/2015;ROSASPATA;12074.19
HUANCANE;2015/2016;ROSASPATA;10898.33
HUANCANE;2016/2017;ROSASPATA;11344.93
HUANCANE;2017/2018;ROSASPATA;13494.44
HUANCANE;1996/1997;TARACO;6614.31
HUANCANE;1997/1998;TARACO;6789.83
HUANCANE;1998/1999;TARACO;9657.97
HUANCANE;1999/2000;TARACO;9178.77
HUANCANE;2000/2001;TARACO;7913.29
HUANCANE;2001/2002;TARACO;10503.88
HUANCANE;2002/2003;TARACO;10303.81
HUANCANE;2003/2004;TARACO;10928.78
HUANCANE;2004/2005;TARACO;11732.63
HUANCANE;2005/2006;TARACO;10799.55
HUANCANE;2006/2007;TARACO;8852.36
HUANCANE;2007/2008;TARACO;8095.76
HUANCANE;2008/2009;TARACO;10078.19
HUANCANE;2009/2010;TARACO;13425.13
HUANCANE;2010/2011;TARACO;13619.31
HUANCANE;2011/2012;TARACO;10031.43
HUANCANE;2012/2013;TARACO;14915.85
HUANCANE;2013/2014;TARACO;15225.77
HUANCANE;2014/2015;TARACO;15544.92
HUANCANE;2015/2016;TARACO;12545.19
HUANCANE;2016/2017;TARACO;13737.5
HUANCANE;2017/2018;TARACO;14623.57
HUANCANE;1996/1997;VILQUE CHICO;5743.16
HUANCANE;1997/1998;VILQUE CHICO;5142.11
HUANCANE;1998/1999;VILQUE CHICO;8448.94
HUANCANE;1999/2000;VILQUE CHICO;8548.63
HUANCANE;2000/2001;VILQUE CHICO;7261.86
HUANCANE;2001/2002;VILQUE CHICO;9494.44
HUANCANE;2002/2003;VILQUE CHICO;9688.39
HUANCANE;2003/2004;VILQUE CHICO;7918.82
HUANCANE;2004/2005;VILQUE CHICO;9929.41
HUANCANE;2005/2006;VILQUE CHICO;9465.62
HUANCANE;2006/2007;VILQUE CHICO;9895.12
HUANCANE;2007/2008;VILQUE CHICO;8906.02
HUANCANE;2008/2009;VILQUE CHICO;8138.58
HUANCANE;2009/2010;VILQUE CHICO;8273.76
HUANCANE;2010/2011;VILQUE CHICO;9153.19
HUANCANE;2011/2012;VILQUE CHICO;9329.21
HUANCANE;2012/2013;VILQUE CHICO;10472.83
HUANCANE;2013/2014;VILQUE CHICO;10728.85
HUANCANE;2014/2015;VILQUE CHICO;11419.77
HUANCANE;2015/2016;VILQUE CHICO;10740.74
HUANCANE;2016/2017;VILQUE CHICO;11273.49
HUANCANE;2017/2018;VILQUE CHICO;13163.53
LAMPA;1996/1997;CABANILLA;5768.97
LAMPA;1997/1998;CABANILLA;7415.63
LAMPA;1998/1999;CABANILLA;8583.33
LAMPA;1999/2000;CABANILLA;9824.24
LAMPA;2000/2001;CABANILLA;8513.7
LAMPA;2001/2002;CABANILLA;10088.61
LAMPA;2002/2003;CABANILLA;10056.1
LAMPA;2003/2004;CABANILLA;8952.1
LAMPA;2004/2005;CABANILLA;9012.99
LAMPA;2005/2006;CABANILLA;8792.13
LAMPA;2006/2007;CABANILLA;9566.67
LAMPA;2007/2008;CABANILLA;9147.68
LAMPA;2008/2009;CABANILLA;9038.22
LAMPA;2009/2010;CABANILLA;10041.51
LAMPA;2010/2011;CABANILLA;10357.14
LAMPA;2011/2012;CABANILLA;10058.62
LAMPA;2012/2013;CABANILLA;10833.87
LAMPA;2013/2014;CABANILLA;10677.52
LAMPA;2014/2015;CABANILLA;10559.25
LAMPA;2015/2016;CABANILLA;10699.86
LAMPA;2016/2017;CABANILLA;12794.98
LAMPA;2017/2018;CABANILLA;13014.49
LAMPA;1996/1997;CALAPUJA;6550
LAMPA;1997/1998;CALAPUJA;6412.5
LAMPA;1998/1999;CALAPUJA;7200
LAMPA;1999/2000;CALAPUJA;8036.36
LAMPA;2000/2001;CALAPUJA;7323.08
LAMPA;2001/2002;CALAPUJA;8937.5
LAMPA;2002/2003;CALAPUJA;9980.95
LAMPA;2003/2004;CALAPUJA;9700
LAMPA;2004/2005;CALAPUJA;8830.77
LAMPA;2005/2006;CALAPUJA;8500
LAMPA;2006/2007;CALAPUJA;8443.75
LAMPA;2007/2008;CALAPUJA;6726.67
LAMPA;2008/2009;CALAPUJA;10430.77
LAMPA;2009/2010;CALAPUJA;11666.67
LAMPA;2010/2011;CALAPUJA;10991.3
LAMPA;2011/2012;CALAPUJA;9866.67
LAMPA;2012/2013;CALAPUJA;11369.23
LAMPA;2013/2014;CALAPUJA;9720.93
LAMPA;2014/2015;CALAPUJA;12638.73
LAMPA;2015/2016;CALAPUJA;10984.44
LAMPA;2016/2017;CALAPUJA;11185.71
LAMPA;2017/2018;CALAPUJA;12130.19
LAMPA;1996/1997;LAMPA;5965.35
LAMPA;1997/1998;LAMPA;6620
LAMPA;1998/1999;LAMPA;6622.22
LAMPA;1999/2000;LAMPA;8924.49
LAMPA;2000/2001;LAMPA;8262.07
LAMPA;2001/2002;LAMPA;9775.61
LAMPA;2002/2003;LAMPA;10000
LAMPA;2003/2004;LAMPA;8559.41
LAMPA;2004/2005;LAMPA;9688
LAMPA;2005/2006;LAMPA;8577.78
LAMPA;2006/2007;LAMPA;8570.97
LAMPA;2007/2008;LAMPA;9000
LAMPA;2008/2009;LAMPA;8912.09
LAMPA;2009/2010;LAMPA;10025.35
LAMPA;2010/2011;LAMPA;10259.56
LAMPA;2011/2012;LAMPA;9255.87
LAMPA;2012/2013;LAMPA;9975.64
LAMPA;2013/2014;LAMPA;10234.94
LAMPA;2014/2015;LAMPA;10252.8
LAMPA;2015/2016;LAMPA;10519.78
LAMPA;2016/2017;LAMPA;12874.86
LAMPA;2017/2018;LAMPA;12696.66
LAMPA;1996/1997;NICASIO;6516.13
LAMPA;1997/1998;NICASIO;7100
LAMPA;1998/1999;NICASIO;7290.91
LAMPA;1999/2000;NICASIO;8783.33
LAMPA;2000/2001;NICASIO;7200
LAMPA;2001/2002;NICASIO;8330.43
LAMPA;2002/2003;NICASIO;10018.18
LAMPA;2003/2004;NICASIO;9876.47
LAMPA;2004/2005;NICASIO;10063.58
LAMPA;2005/2006;NICASIO;10179.49
LAMPA;2006/2007;NICASIO;9852.17
LAMPA;2007/2008;NICASIO;7926.32
LAMPA;2008/2009;NICASIO;9724.03
LAMPA;2009/2010;NICASIO;12494.44
LAMPA;2010/2011;NICASIO;10295.08
LAMPA;2011/2012;NICASIO;8522.22
LAMPA;2012/2013;NICASIO;11723.19
LAMPA;2013/2014;NICASIO;11542.67
LAMPA;2014/2015;NICASIO;12017.27
LAMPA;2015/2016;NICASIO;10900.34
LAMPA;2016/2017;NICASIO;11075
LAMPA;2017/2018;NICASIO;11808.97
LAMPA;1996/1997;OCUVIRI;0
LAMPA;1997/1998;OCUVIRI;0
LAMPA;1998/1999;OCUVIRI;0
LAMPA;1999/2000;OCUVIRI;0
LAMPA;2000/2001;OCUVIRI;0
LAMPA;2001/2002;OCUVIRI;0
LAMPA;2002/2003;OCUVIRI;0
LAMPA;2003/2004;OCUVIRI;0
LAMPA;2004/2005;OCUVIRI;0
LAMPA;2005/2006;OCUVIRI;5714.29
LAMPA;2006/2007;OCUVIRI;0
LAMPA;2007/2008;OCUVIRI;0
LAMPA;2008/2009;OCUVIRI;0
LAMPA;2009/2010;OCUVIRI;0
LAMPA;2010/2011;OCUVIRI;0
LAMPA;2011/2012;OCUVIRI;0
LAMPA;2012/2013;OCUVIRI;0
LAMPA;2013/2014;OCUVIRI;0
LAMPA;2014/2015;OCUVIRI;0
LAMPA;2015/2016;OCUVIRI;0
LAMPA;2016/2017;OCUVIRI;0
LAMPA;2017/2018;OCUVIRI;0
LAMPA;1996/1997;PALCA;5000
LAMPA;1997/1998;PALCA;6333.33
LAMPA;1998/1999;PALCA;7466.67
LAMPA;1999/2000;PALCA;8200
LAMPA;2000/2001;PALCA;7333.33
LAMPA;2001/2002;PALCA;8400
LAMPA;2002/2003;PALCA;8093.75
LAMPA;2003/2004;PALCA;6869.57
LAMPA;2004/2005;PALCA;7800
LAMPA;2005/2006;PALCA;6620.69
LAMPA;2006/2007;PALCA;8322.58
LAMPA;2007/2008;PALCA;8027.03
LAMPA;2008/2009;PALCA;8000
LAMPA;2009/2010;PALCA;8609.76
LAMPA;2010/2011;PALCA;8953.49
LAMPA;2011/2012;PALCA;8416.67
LAMPA;2012/2013;PALCA;8652.17
LAMPA;2013/2014;PALCA;9093.02
LAMPA;2014/2015;PALCA;9050
LAMPA;2015/2016;PALCA;9500
LAMPA;2016/2017;PALCA;10850
LAMPA;2017/2018;PALCA;11205.88
LAMPA;1996/1997;PUCARA;5114.29
LAMPA;1997/1998;PUCARA;6606.9
LAMPA;1998/1999;PUCARA;7689.66
LAMPA;1999/2000;PUCARA;8206.25
LAMPA;2000/2001;PUCARA;8240
LAMPA;2001/2002;PUCARA;9661.54
LAMPA;2002/2003;PUCARA;10517.39
LAMPA;2003/2004;PUCARA;7017.44
LAMPA;2004/2005;PUCARA;7300
LAMPA;2005/2006;PUCARA;8211.43
LAMPA;2006/2007;PUCARA;9081.97
LAMPA;2007/2008;PUCARA;5386.21
LAMPA;2008/2009;PUCARA;8823.53
LAMPA;2009/2010;PUCARA;10420.51
LAMPA;2010/2011;PUCARA;10545.95
LAMPA;2011/2012;PUCARA;12066.67
LAMPA;2012/2013;PUCARA;11696.77
LAMPA;2013/2014;PUCARA;10664.71
LAMPA;2014/2015;PUCARA;7723.53
LAMPA;2015/2016;PUCARA;7800
LAMPA;2016/2017;PUCARA;8523.08
LAMPA;2017/2018;PUCARA;12321.43
LAMPA;1996/1997;SANTA LUCIA;5000
LAMPA;1997/1998;SANTA LUCIA;6250
LAMPA;1998/1999;SANTA LUCIA;7250
LAMPA;1999/2000;SANTA LUCIA;8300
LAMPA;2000/2001;SANTA LUCIA;7550
LAMPA;2001/2002;SANTA LUCIA;8033.33
LAMPA;2002/2003;SANTA LUCIA;8000
LAMPA;2003/2004;SANTA LUCIA;7636.36
LAMPA;2004/2005;SANTA LUCIA;6791.67
LAMPA;2005/2006;SANTA LUCIA;6388.89
LAMPA;2006/2007;SANTA LUCIA;8047.62
LAMPA;2007/2008;SANTA LUCIA;7944.44
LAMPA;2008/2009;SANTA LUCIA;8000
LAMPA;2009/2010;SANTA LUCIA;8619.05
LAMPA;2010/2011;SANTA LUCIA;9347.83
LAMPA;2011/2012;SANTA LUCIA;8500
LAMPA;2012/2013;SANTA LUCIA;8642.86
LAMPA;2013/2014;SANTA LUCIA;8833.33
LAMPA;2014/2015;SANTA LUCIA;8593.75
LAMPA;2015/2016;SANTA LUCIA;8733.33
LAMPA;2016/2017;SANTA LUCIA;10678.57
LAMPA;2017/2018;SANTA LUCIA;10541.67
MELGAR;1996/1997;ANTAUTA;5257.14
MELGAR;1997/1998;ANTAUTA;6633.33
MELGAR;1998/1999;ANTAUTA;7507.69
MELGAR;1999/2000;ANTAUTA;8509.09
MELGAR;2000/2001;ANTAUTA;8966.67
MELGAR;2001/2002;ANTAUTA;9616.67
MELGAR;2002/2003;ANTAUTA;8577.78
MELGAR;2003/2004;ANTAUTA;7591.67
MELGAR;2004/2005;ANTAUTA;8752.38
MELGAR;2005/2006;ANTAUTA;8300
MELGAR;2006/2007;ANTAUTA;9905.88
MELGAR;2007/2008;ANTAUTA;7137.5
MELGAR;2008/2009;ANTAUTA;9857.14
MELGAR;2009/2010;ANTAUTA;9911.11
MELGAR;2010/2011;ANTAUTA;9752.94
MELGAR;2011/2012;ANTAUTA;12136.84
MELGAR;2012/2013;ANTAUTA;11271.6
MELGAR;2013/2014;ANTAUTA;9766.67
MELGAR;2014/2015;ANTAUTA;9194.44
MELGAR;2015/2016;ANTAUTA;9076.92
MELGAR;2016/2017;ANTAUTA;9145.45
MELGAR;2017/2018;ANTAUTA;9945.45
MELGAR;1996/1997;AYAVIRI;5200
MELGAR;1997/1998;AYAVIRI;6750
MELGAR;1998/1999;AYAVIRI;7637.04
MELGAR;1999/2000;AYAVIRI;8880
MELGAR;2000/2001;AYAVIRI;9512.5
MELGAR;2001/2002;AYAVIRI;9656.25
MELGAR;2002/2003;AYAVIRI;10177.14
MELGAR;2003/2004;AYAVIRI;7606.06
MELGAR;2004/2005;AYAVIRI;7460.61
MELGAR;2005/2006;AYAVIRI;9335
MELGAR;2006/2007;AYAVIRI;9623.6
MELGAR;2007/2008;AYAVIRI;6417.39
MELGAR;2008/2009;AYAVIRI;8787.1
MELGAR;2009/2010;AYAVIRI;9843.75
MELGAR;2010/2011;AYAVIRI;9135.48
MELGAR;2011/2012;AYAVIRI;11252.94
MELGAR;2012/2013;AYAVIRI;10987.88
MELGAR;2013/2014;AYAVIRI;10144.83
MELGAR;2014/2015;AYAVIRI;8681.25
MELGAR;2015/2016;AYAVIRI;8913.04
MELGAR;2016/2017;AYAVIRI;9594.29
MELGAR;2017/2018;AYAVIRI;12515.38
MELGAR;1996/1997;CUPI;5272.73
MELGAR;1997/1998;CUPI;7186.67
MELGAR;1998/1999;CUPI;8400
MELGAR;1999/2000;CUPI;9315.79
MELGAR;2000/2001;CUPI;10300
MELGAR;2001/2002;CUPI;8637.5
MELGAR;2002/2003;CUPI;10285.71
MELGAR;2003/2004;CUPI;8692.31
MELGAR;2004/2005;CUPI;9833.33
MELGAR;2005/2006;CUPI;6676.06
MELGAR;2006/2007;CUPI;9861.54
MELGAR;2007/2008;CUPI;6436.36
MELGAR;2008/2009;CUPI;9900
MELGAR;2009/2010;CUPI;9384.62
MELGAR;2010/2011;CUPI;9026.67
MELGAR;2011/2012;CUPI;11300
MELGAR;2012/2013;CUPI;11152.94
MELGAR;2013/2014;CUPI;9626.67
MELGAR;2014/2015;CUPI;8657.89
MELGAR;2015/2016;CUPI;7626.67
MELGAR;2016/2017;CUPI;9228.57
MELGAR;2017/2018;CUPI;10453.33
MELGAR;1996/1997;LLALLI;5198.02
MELGAR;1997/1998;LLALLI;7780.95
MELGAR;1998/1999;LLALLI;8244.44
MELGAR;1999/2000;LLALLI;9157.89
MELGAR;2000/2001;LLALLI;9760
MELGAR;2001/2002;LLALLI;10182.61
MELGAR;2002/2003;LLALLI;10116.88
MELGAR;2003/2004;LLALLI;7620
MELGAR;2004/2005;LLALLI;9687.5
MELGAR;2005/2006;LLALLI;6750
MELGAR;2006/2007;LLALLI;10220
MELGAR;2007/2008;LLALLI;6716.98
MELGAR;2008/2009;LLALLI;9061.54
MELGAR;2009/2010;LLALLI;9733.33
MELGAR;2010/2011;LLALLI;9953.85
MELGAR;2011/2012;LLALLI;11346.67
MELGAR;2012/2013;LLALLI;11186.67
MELGAR;2013/2014;LLALLI;10273.97
MELGAR;2014/2015;LLALLI;8216.87
MELGAR;2015/2016;LLALLI;7444.44
MELGAR;2016/2017;LLALLI;10509.09
MELGAR;2017/2018;LLALLI;12123.08
MELGAR;1996/1997;MACARI;5178.57
MELGAR;1997/1998;MACARI;7235.29
MELGAR;1998/1999;MACARI;8200
MELGAR;1999/2000;MACARI;8685.19
MELGAR;2000/2001;MACARI;10312.5
MELGAR;2001/2002;MACARI;10572.22
MELGAR;2002/2003;MACARI;10372.88
MELGAR;2003/2004;MACARI;8262.63
MELGAR;2004/2005;MACARI;9900
MELGAR;2005/2006;MACARI;7292.68
MELGAR;2006/2007;MACARI;11237.5
MELGAR;2007/2008;MACARI;6110.34
MELGAR;2008/2009;MACARI;9753.85
MELGAR;2009/2010;MACARI;9907.89
MELGAR;2010/2011;MACARI;9447.85
MELGAR;2011/2012;MACARI;11652.85
MELGAR;2012/2013;MACARI;11234.38
MELGAR;2013/2014;MACARI;10200
MELGAR;2014/2015;MACARI;8543.59
MELGAR;2015/2016;MACARI;8088.89
MELGAR;2016/2017;MACARI;10492.86
MELGAR;2017/2018;MACARI;11059.46
MELGAR;1996/1997;NUÑOA;5129.03
MELGAR;1997/1998;NUÑOA;6743.75
MELGAR;1998/1999;NUÑOA;7487.5
MELGAR;1999/2000;NUÑOA;8369.7
MELGAR;2000/2001;NUÑOA;9666.67
MELGAR;2001/2002;NUÑOA;10817.65
MELGAR;2002/2003;NUÑOA;10605.13
MELGAR;2003/2004;NUÑOA;7886.96
MELGAR;2004/2005;NUÑOA;9936
MELGAR;2005/2006;NUÑOA;8179.69
MELGAR;2006/2007;NUÑOA;10419.12
MELGAR;2007/2008;NUÑOA;5831.58
MELGAR;2008/2009;NUÑOA;8662.07
MELGAR;2009/2010;NUÑOA;9020.69
MELGAR;2010/2011;NUÑOA;9930.38
MELGAR;2011/2012;NUÑOA;11594.29
MELGAR;2012/2013;NUÑOA;11244.44
MELGAR;2013/2014;NUÑOA;10237.8
MELGAR;2014/2015;NUÑOA;8588.24
MELGAR;2015/2016;NUÑOA;8723.08
MELGAR;2016/2017;NUÑOA;10393.33
MELGAR;2017/2018;NUÑOA;12017.65
MELGAR;1996/1997;ORURILLO;5248.32
MELGAR;1997/1998;ORURILLO;7205.48
MELGAR;1998/1999;ORURILLO;8262.96
MELGAR;1999/2000;ORURILLO;9155.17
MELGAR;2000/2001;ORURILLO;10472.13
MELGAR;2001/2002;ORURILLO;10536
MELGAR;2002/2003;ORURILLO;10577.46
MELGAR;2003/2004;ORURILLO;8273.41
MELGAR;2004/2005;ORURILLO;9977.27
MELGAR;2005/2006;ORURILLO;8074.51
MELGAR;2006/2007;ORURILLO;11714.89
MELGAR;2007/2008;ORURILLO;6928.25
MELGAR;2008/2009;ORURILLO;9860
MELGAR;2009/2010;ORURILLO;10226.09
MELGAR;2010/2011;ORURILLO;10885.11
MELGAR;2011/2012;ORURILLO;12532
MELGAR;2012/2013;ORURILLO;12324
MELGAR;2013/2014;ORURILLO;11037.04
MELGAR;2014/2015;ORURILLO;7875.56
MELGAR;2015/2016;ORURILLO;9015.38
MELGAR;2016/2017;ORURILLO;10389.47
MELGAR;2017/2018;ORURILLO;12051.28
MELGAR;1996/1997;SANTA ROSA;5150
MELGAR;1997/1998;SANTA ROSA;5546.67
MELGAR;1998/1999;SANTA ROSA;7541.18
MELGAR;1999/2000;SANTA ROSA;7542.86
MELGAR;2000/2001;SANTA ROSA;9018.18
MELGAR;2001/2002;SANTA ROSA;9537.5
MELGAR;2002/2003;SANTA ROSA;8733.33
MELGAR;2003/2004;SANTA ROSA;8066.67
MELGAR;2004/2005;SANTA ROSA;17370
MELGAR;2005/2006;SANTA ROSA;5898.31
MELGAR;2006/2007;SANTA ROSA;9486.96
MELGAR;2007/2008;SANTA ROSA;6486.96
MELGAR;2008/2009;SANTA ROSA;8363.64
MELGAR;2009/2010;SANTA ROSA;8603.31
MELGAR;2010/2011;SANTA ROSA;8904
MELGAR;2011/2012;SANTA ROSA;10666.67
MELGAR;2012/2013;SANTA ROSA;10492.86
MELGAR;2013/2014;SANTA ROSA;9818.18
MELGAR;2014/2015;SANTA ROSA;7490.91
MELGAR;2015/2016;SANTA ROSA;7323.53
MELGAR;2016/2017;SANTA ROSA;9791.67
MELGAR;2017/2018;SANTA ROSA;9900
MELGAR;1996/1997;UMACHIRI;5000
MELGAR;1997/1998;UMACHIRI;5800
MELGAR;1998/1999;UMACHIRI;7578.95
MELGAR;1999/2000;UMACHIRI;7755.56
MELGAR;2000/2001;UMACHIRI;9326.53
MELGAR;2001/2002;UMACHIRI;9200
MELGAR;2002/2003;UMACHIRI;9627.22
MELGAR;2003/2004;UMACHIRI;7876.81
MELGAR;2004/2005;UMACHIRI;7034.78
MELGAR;2005/2006;UMACHIRI;7165.41
MELGAR;2006/2007;UMACHIRI;9550
MELGAR;2007/2008;UMACHIRI;7680
MELGAR;2008/2009;UMACHIRI;7710
MELGAR;2009/2010;UMACHIRI;9163.04
MELGAR;2010/2011;UMACHIRI;9085.71
MELGAR;2011/2012;UMACHIRI;10287.5
MELGAR;2012/2013;UMACHIRI;10186.67
MELGAR;2013/2014;UMACHIRI;10186.67
MELGAR;2014/2015;UMACHIRI;7588.24
MELGAR;2015/2016;UMACHIRI;8305.56
MELGAR;2016/2017;UMACHIRI;9028.57
MELGAR;2017/2018;UMACHIRI;10015.38
MOHO;1996/1997;CONIMA;8527.78
MOHO;1997/1998;CONIMA;8815.38
MOHO;1998/1999;CONIMA;8011.24
MOHO;1999/2000;CONIMA;8984.85
MOHO;2000/2001;CONIMA;8242.11
MOHO;2001/2002;CONIMA;10912.2
MOHO;2002/2003;CONIMA;11336.68
MOHO;2003/2004;CONIMA;10120.77
MOHO;2004/2005;CONIMA;10853.08
MOHO;2005/2006;CONIMA;12350
MOHO;2006/2007;CONIMA;11035.9
MOHO;2007/2008;CONIMA;11120
MOHO;2008/2009;CONIMA;11222.22
MOHO;2009/2010;CONIMA;10054.05
MOHO;2010/2011;CONIMA;9157.89
MOHO;2011/2012;CONIMA;9618.42
MOHO;2012/2013;CONIMA;10263.16
MOHO;2013/2014;CONIMA;10986.84
MOHO;2014/2015;CONIMA;10825.64
MOHO;2015/2016;CONIMA;10928.57
MOHO;2016/2017;CONIMA;11042.86
MOHO;2017/2018;CONIMA;11041.1
MOHO;1996/1997;HUAYRAPATA;8010.91
MOHO;1997/1998;HUAYRAPATA;7279.07
MOHO;1998/1999;HUAYRAPATA;7279.45
MOHO;1999/2000;HUAYRAPATA;8335.9
MOHO;2000/2001;HUAYRAPATA;7992.11
MOHO;2001/2002;HUAYRAPATA;9556.12
MOHO;2002/2003;HUAYRAPATA;11316.53
MOHO;2003/2004;HUAYRAPATA;8605.84
MOHO;2004/2005;HUAYRAPATA;10369.01
MOHO;2005/2006;HUAYRAPATA;12002.86
MOHO;2006/2007;HUAYRAPATA;8384.84
MOHO;2007/2008;HUAYRAPATA;8525.18
MOHO;2008/2009;HUAYRAPATA;9295.24
MOHO;2009/2010;HUAYRAPATA;9400
MOHO;2010/2011;HUAYRAPATA;9063.69
MOHO;2011/2012;HUAYRAPATA;9232.26
MOHO;2012/2013;HUAYRAPATA;10019.35
MOHO;2013/2014;HUAYRAPATA;10038.71
MOHO;2014/2015;HUAYRAPATA;10129.03
MOHO;2015/2016;HUAYRAPATA;9814.94
MOHO;2016/2017;HUAYRAPATA;10219.67
MOHO;2017/2018;HUAYRAPATA;11508.14
MOHO;1996/1997;MOHO;7935.57
MOHO;1997/1998;MOHO;7980.77
MOHO;1998/1999;MOHO;8625.64
MOHO;1999/2000;MOHO;8987.5
MOHO;2000/2001;MOHO;7925.24
MOHO;2001/2002;MOHO;9858.77
MOHO;2002/2003;MOHO;10334.98
MOHO;2003/2004;MOHO;10848.32
MOHO;2004/2005;MOHO;10645.26
MOHO;2005/2006;MOHO;12273.63
MOHO;2006/2007;MOHO;10623.6
MOHO;2007/2008;MOHO;10210.46
MOHO;2008/2009;MOHO;10728.18
MOHO;2009/2010;MOHO;10996.68
MOHO;2010/2011;MOHO;12362.13
MOHO;2011/2012;MOHO;11871.54
MOHO;2012/2013;MOHO;11786.27
MOHO;2013/2014;MOHO;11757.48
MOHO;2014/2015;MOHO;10709.86
MOHO;2015/2016;MOHO;10402.23
MOHO;2016/2017;MOHO;10436.14
MOHO;2017/2018;MOHO;12044.59
MOHO;1996/1997;TILALI;8236.56
MOHO;1997/1998;TILALI;7362.96
MOHO;1998/1999;TILALI;8068.38
MOHO;1999/2000;TILALI;8814.81
MOHO;2000/2001;TILALI;7962.41
MOHO;2001/2002;TILALI;9556.34
MOHO;2002/2003;TILALI;10055.94
MOHO;2003/2004;TILALI;10642.86
MOHO;2004/2005;TILALI;12000
MOHO;2005/2006;TILALI;10884.89
MOHO;2006/2007;TILALI;11038.1
MOHO;2007/2008;TILALI;10775
MOHO;2008/2009;TILALI;12136.36
MOHO;2009/2010;TILALI;10518.07
MOHO;2010/2011;TILALI;9584.27
MOHO;2011/2012;TILALI;9455.56
MOHO;2012/2013;TILALI;9911.11
MOHO;2013/2014;TILALI;11100
MOHO;2014/2015;TILALI;10000
MOHO;2015/2016;TILALI;10204.55
MOHO;2016/2017;TILALI;10375
MOHO;2017/2018;TILALI;11885.06
PUNO;1996/1997;ACORA;5833.06
PUNO;1997/1998;ACORA;5234.78
PUNO;1998/1999;ACORA;8430.11
PUNO;1999/2000;ACORA;8432.85
PUNO;2000/2001;ACORA;7749.4
PUNO;2001/2002;ACORA;10031.28
PUNO;2002/2003;ACORA;10182.38
PUNO;2003/2004;ACORA;7914.14
PUNO;2004/2005;ACORA;11163.3
PUNO;2005/2006;ACORA;9127.19
PUNO;2006/2007;ACORA;9238.22
PUNO;2007/2008;ACORA;10070.77
PUNO;2008/2009;ACORA;9890.37
PUNO;2009/2010;ACORA;10533.33
PUNO;2010/2011;ACORA;11557.55
PUNO;2011/2012;ACORA;12456.25
PUNO;2012/2013;ACORA;11439.19
PUNO;2013/2014;ACORA;11679.47
PUNO;2014/2015;ACORA;11719.34
PUNO;2015/2016;ACORA;9563.64
PUNO;2016/2017;ACORA;10528.22
PUNO;2017/2018;ACORA;13089.14
PUNO;1996/1997;AMANTANI;6200
PUNO;1997/1998;AMANTANI;6846.15
PUNO;1998/1999;AMANTANI;8393.94
PUNO;1999/2000;AMANTANI;9379.31
PUNO;2000/2001;AMANTANI;8300
PUNO;2001/2002;AMANTANI;9258.06
PUNO;2002/2003;AMANTANI;9156.25
PUNO;2003/2004;AMANTANI;9075
PUNO;2004/2005;AMANTANI;9866.67
PUNO;2005/2006;AMANTANI;9280
PUNO;2006/2007;AMANTANI;8709.09
PUNO;2007/2008;AMANTANI;9293.1
PUNO;2008/2009;AMANTANI;9000
PUNO;2009/2010;AMANTANI;9150
PUNO;2010/2011;AMANTANI;9140.63
PUNO;2011/2012;AMANTANI;9750
PUNO;2012/2013;AMANTANI;10234.38
PUNO;2013/2014;AMANTANI;10279.66
PUNO;2014/2015;AMANTANI;11476.92
PUNO;2015/2016;AMANTANI;10250
PUNO;2016/2017;AMANTANI;10064.1
PUNO;2017/2018;AMANTANI;10142.86
PUNO;1996/1997;ATUNCOLLA;5701.49
PUNO;1997/1998;ATUNCOLLA;5454.55
PUNO;1998/1999;ATUNCOLLA;8169.23
PUNO;1999/2000;ATUNCOLLA;8148.94
PUNO;2000/2001;ATUNCOLLA;7551.72
PUNO;2001/2002;ATUNCOLLA;9087.72
PUNO;2002/2003;ATUNCOLLA;9000
PUNO;2003/2004;ATUNCOLLA;7476.19
PUNO;2004/2005;ATUNCOLLA;9333.33
PUNO;2005/2006;ATUNCOLLA;8500
PUNO;2006/2007;ATUNCOLLA;8302.16
PUNO;2007/2008;ATUNCOLLA;8612.9
PUNO;2008/2009;ATUNCOLLA;8388.24
PUNO;2009/2010;ATUNCOLLA;9650
PUNO;2010/2011;ATUNCOLLA;10228.57
PUNO;2011/2012;ATUNCOLLA;10052.94
PUNO;2012/2013;ATUNCOLLA;11536.59
PUNO;2013/2014;ATUNCOLLA;10350
PUNO;2014/2015;ATUNCOLLA;9572
PUNO;2015/2016;ATUNCOLLA;9180.39
PUNO;2016/2017;ATUNCOLLA;10145.1
PUNO;2017/2018;ATUNCOLLA;10823.53
PUNO;1996/1997;CAPACHICA;6051.72
PUNO;1997/1998;CAPACHICA;5570.83
PUNO;1998/1999;CAPACHICA;8683.13
PUNO;1999/2000;CAPACHICA;7941.46
PUNO;2000/2001;CAPACHICA;7598.54
PUNO;2001/2002;CAPACHICA;9829.27
PUNO;2002/2003;CAPACHICA;10726.95
PUNO;2003/2004;CAPACHICA;7572.37
PUNO;2004/2005;CAPACHICA;10665.64
PUNO;2005/2006;CAPACHICA;9924.24
PUNO;2006/2007;CAPACHICA;9581.12
PUNO;2007/2008;CAPACHICA;9973.91
PUNO;2008/2009;CAPACHICA;10048.57
PUNO;2009/2010;CAPACHICA;10812.82
PUNO;2010/2011;CAPACHICA;11217.5
PUNO;2011/2012;CAPACHICA;13119.51
PUNO;2012/2013;CAPACHICA;12147.73
PUNO;2013/2014;CAPACHICA;11819.78
PUNO;2014/2015;CAPACHICA;11149.47
PUNO;2015/2016;CAPACHICA;10144
PUNO;2016/2017;CAPACHICA;10625
PUNO;2017/2018;CAPACHICA;13183.33
PUNO;1996/1997;CHUCUITO;6138.61
PUNO;1997/1998;CHUCUITO;5193.33
PUNO;1998/1999;CHUCUITO;9105.56
PUNO;1999/2000;CHUCUITO;8041.83
PUNO;2000/2001;CHUCUITO;7526.32
PUNO;2001/2002;CHUCUITO;9793.77
PUNO;2002/2003;CHUCUITO;10200
PUNO;2003/2004;CHUCUITO;8208.33
PUNO;2004/2005;CHUCUITO;10195.83
PUNO;2005/2006;CHUCUITO;9316
PUNO;2006/2007;CHUCUITO;9196
PUNO;2007/2008;CHUCUITO;9592
PUNO;2008/2009;CHUCUITO;8738.46
PUNO;2009/2010;CHUCUITO;9734.55
PUNO;2010/2011;CHUCUITO;10706.9
PUNO;2011/2012;CHUCUITO;11108.2
PUNO;2012/2013;CHUCUITO;10719.35
PUNO;2013/2014;CHUCUITO;10936.51
PUNO;2014/2015;CHUCUITO;11535.48
PUNO;2015/2016;CHUCUITO;10041.27
PUNO;2016/2017;CHUCUITO;10749.2
PUNO;2017/2018;CHUCUITO;13386.08
PUNO;1996/1997;COATA;5696.72
PUNO;1997/1998;COATA;5107.14
PUNO;1998/1999;COATA;8240
PUNO;1999/2000;COATA;8200
PUNO;2000/2001;COATA;7840
PUNO;2001/2002;COATA;9484.13
PUNO;2002/2003;COATA;10809.16
PUNO;2003/2004;COATA;8349.4
PUNO;2004/2005;COATA;10007.35
PUNO;2005/2006;COATA;9424.24
PUNO;2006/2007;COATA;8634.15
PUNO;2007/2008;COATA;9036.84
PUNO;2008/2009;COATA;8935
PUNO;2009/2010;COATA;9657
PUNO;2010/2011;COATA;10209.52
PUNO;2011/2012;COATA;9713.64
PUNO;2012/2013;COATA;10253.85
PUNO;2013/2014;COATA;10450
PUNO;2014/2015;COATA;11243.14
PUNO;2015/2016;COATA;9025
PUNO;2016/2017;COATA;10278.57
PUNO;2017/2018;COATA;12117.86
PUNO;1996/1997;HUATA;5800
PUNO;1997/1998;HUATA;6548.67
PUNO;1998/1999;HUATA;8694.74
PUNO;1999/2000;HUATA;8030
PUNO;2000/2001;HUATA;7533.33
PUNO;2001/2002;HUATA;9980.95
PUNO;2002/2003;HUATA;9495.45
PUNO;2003/2004;HUATA;6577.32
PUNO;2004/2005;HUATA;9583.33
PUNO;2005/2006;HUATA;8565.96
PUNO;2006/2007;HUATA;8196.43
PUNO;2007/2008;HUATA;8787.23
PUNO;2008/2009;HUATA;8200
PUNO;2009/2010;HUATA;9371.43
PUNO;2010/2011;HUATA;9716
PUNO;2011/2012;HUATA;10392.16
PUNO;2012/2013;HUATA;10446.43
PUNO;2013/2014;HUATA;10485.19
PUNO;2014/2015;HUATA;10200
PUNO;2015/2016;HUATA;9825
PUNO;2016/2017;HUATA;10040
PUNO;2017/2018;HUATA;12497.96
PUNO;1996/1997;MAÑAZO;5750
PUNO;1997/1998;MAÑAZO;5494.62
PUNO;1998/1999;MAÑAZO;8038.89
PUNO;1999/2000;MAÑAZO;6454.55
PUNO;2000/2001;MAÑAZO;7941.18
PUNO;2001/2002;MAÑAZO;10555.07
PUNO;2002/2003;MAÑAZO;10033.33
PUNO;2003/2004;MAÑAZO;9076.19
PUNO;2004/2005;MAÑAZO;10641.38
PUNO;2005/2006;MAÑAZO;9875.86
PUNO;2006/2007;MAÑAZO;9175.26
PUNO;2007/2008;MAÑAZO;9670.97
PUNO;2008/2009;MAÑAZO;9534.38
PUNO;2009/2010;MAÑAZO;10375.76
PUNO;2010/2011;MAÑAZO;11560.61
PUNO;2011/2012;MAÑAZO;11370.59
PUNO;2012/2013;MAÑAZO;12249.32
PUNO;2013/2014;MAÑAZO;11780.56
PUNO;2014/2015;MAÑAZO;11331.43
PUNO;2015/2016;MAÑAZO;9634.29
PUNO;2016/2017;MAÑAZO;10086.96
PUNO;2017/2018;MAÑAZO;12882.35
PUNO;1996/1997;PAUCARCOLLA;5841.51
PUNO;1997/1998;PAUCARCOLLA;5571.43
PUNO;1998/1999;PAUCARCOLLA;8614.29
PUNO;1999/2000;PAUCARCOLLA;8333.33
PUNO;2000/2001;PAUCARCOLLA;7105.69
PUNO;2001/2002;PAUCARCOLLA;9731.58
PUNO;2002/2003;PAUCARCOLLA;9994.92
PUNO;2003/2004;PAUCARCOLLA;7460.61
PUNO;2004/2005;PAUCARCOLLA;10072.22
PUNO;2005/2006;PAUCARCOLLA;8879.07
PUNO;2006/2007;PAUCARCOLLA;8276.32
PUNO;2007/2008;PAUCARCOLLA;9163.27
PUNO;2008/2009;PAUCARCOLLA;8960
PUNO;2009/2010;PAUCARCOLLA;9924.53
PUNO;2010/2011;PAUCARCOLLA;10340.74
PUNO;2011/2012;PAUCARCOLLA;11060.71
PUNO;2012/2013;PAUCARCOLLA;11508.31
PUNO;2013/2014;PAUCARCOLLA;10950
PUNO;2014/2015;PAUCARCOLLA;10496.88
PUNO;2015/2016;PAUCARCOLLA;9730.3
PUNO;2016/2017;PAUCARCOLLA;9701.54
PUNO;2017/2018;PAUCARCOLLA;12331.19
PUNO;1996/1997;PICHACANI;5490.91
PUNO;1997/1998;PICHACANI;4522.73
PUNO;1998/1999;PICHACANI;7250
PUNO;1999/2000;PICHACANI;7850
PUNO;2000/2001;PICHACANI;7350
PUNO;2001/2002;PICHACANI;9263.16
PUNO;2002/2003;PICHACANI;8500
PUNO;2003/2004;PICHACANI;7670
PUNO;2004/2005;PICHACANI;8850
PUNO;2005/2006;PICHACANI;8235.71
PUNO;2006/2007;PICHACANI;7864.29
PUNO;2007/2008;PICHACANI;8221.43
PUNO;2008/2009;PICHACANI;8942.86
PUNO;2009/2010;PICHACANI;8612.9
PUNO;2010/2011;PICHACANI;9115.15
PUNO;2011/2012;PICHACANI;8461.54
PUNO;2012/2013;PICHACANI;10280
PUNO;2013/2014;PICHACANI;9847.62
PUNO;2014/2015;PICHACANI;9827.91
PUNO;2015/2016;PICHACANI;9158.14
PUNO;2016/2017;PICHACANI;9712.92
PUNO;2017/2018;PICHACANI;10004.67
PUNO;1996/1997;PLATERIA;5901.64
PUNO;1997/1998;PLATERIA;4927.59
PUNO;1998/1999;PLATERIA;8260.64
PUNO;1999/2000;PLATERIA;7851.35
PUNO;2000/2001;PLATERIA;7258.54
PUNO;2001/2002;PLATERIA;9758.24
PUNO;2002/2003;PLATERIA;10020.2
PUNO;2003/2004;PLATERIA;8385.79
PUNO;2004/2005;PLATERIA;9640.55
PUNO;2005/2006;PLATERIA;8807.14
PUNO;2006/2007;PLATERIA;8600
PUNO;2007/2008;PLATERIA;8613.33
PUNO;2008/2009;PLATERIA;9106.25
PUNO;2009/2010;PLATERIA;10120.59
PUNO;2010/2011;PLATERIA;10591.78
PUNO;2011/2012;PLATERIA;12061.17
PUNO;2012/2013;PLATERIA;11480.82
PUNO;2013/2014;PLATERIA;11415.82
PUNO;2014/2015;PLATERIA;11526.58
PUNO;2015/2016;PLATERIA;9684.34
PUNO;2016/2017;PLATERIA;10913.92
PUNO;2017/2018;PLATERIA;12926.58
PUNO;1996/1997;PUNO;5647.48
PUNO;1997/1998;PUNO;5312
PUNO;1998/1999;PUNO;9225
PUNO;1999/2000;PUNO;8061.22
PUNO;2000/2001;PUNO;7328.67
PUNO;2001/2002;PUNO;9500
PUNO;2002/2003;PUNO;9920.45
PUNO;2003/2004;PUNO;8632.18
PUNO;2004/2005;PUNO;9911.11
PUNO;2005/2006;PUNO;9385
PUNO;2006/2007;PUNO;8895.24
PUNO;2007/2008;PUNO;9659.09
PUNO;2008/2009;PUNO;8800
PUNO;2009/2010;PUNO;10513.64
PUNO;2010/2011;PUNO;11046.81
PUNO;2011/2012;PUNO;10497.93
PUNO;2012/2013;PUNO;10478.43
PUNO;2013/2014;PUNO;10833.9
PUNO;2014/2015;PUNO;11680
PUNO;2015/2016;PUNO;9679.37
PUNO;2016/2017;PUNO;10784.57
PUNO;2017/2018;PUNO;12927.03
PUNO;1996/1997;SAN ANTONIO;0
PUNO;1997/1998;SAN ANTONIO;0
PUNO;1998/1999;SAN ANTONIO;0
PUNO;1999/2000;SAN ANTONIO;6000
PUNO;2000/2001;SAN ANTONIO;7000
PUNO;2001/2002;SAN ANTONIO;6666.67
PUNO;2002/2003;SAN ANTONIO;6500
PUNO;2003/2004;SAN ANTONIO;6200
PUNO;2004/2005;SAN ANTONIO;7333.33
PUNO;2005/2006;SAN ANTONIO;6250
PUNO;2006/2007;SAN ANTONIO;7750
PUNO;2007/2008;SAN ANTONIO;7250
PUNO;2008/2009;SAN ANTONIO;7200
PUNO;2009/2010;SAN ANTONIO;7600
PUNO;2010/2011;SAN ANTONIO;8000
PUNO;2011/2012;SAN ANTONIO;7200
PUNO;2012/2013;SAN ANTONIO;8400
PUNO;2013/2014;SAN ANTONIO;8400
PUNO;2014/2015;SAN ANTONIO;0
PUNO;2015/2016;SAN ANTONIO;0
PUNO;2016/2017;SAN ANTONIO;0
PUNO;2017/2018;SAN ANTONIO;0
PUNO;1996/1997;TIQUILLACA;5681.82
PUNO;1997/1998;TIQUILLACA;6442.11
PUNO;1998/1999;TIQUILLACA;8204.08
PUNO;1999/2000;TIQUILLACA;7797.75
PUNO;2000/2001;TIQUILLACA;6916.67
PUNO;2001/2002;TIQUILLACA;9000
PUNO;2002/2003;TIQUILLACA;9076.19
PUNO;2003/2004;TIQUILLACA;7952.38
PUNO;2004/2005;TIQUILLACA;11428.57
PUNO;2005/2006;TIQUILLACA;9000
PUNO;2006/2007;TIQUILLACA;8409.09
PUNO;2007/2008;TIQUILLACA;8763.64
PUNO;2008/2009;TIQUILLACA;8146.15
PUNO;2009/2010;TIQUILLACA;8961.54
PUNO;2010/2011;TIQUILLACA;9500
PUNO;2011/2012;TIQUILLACA;9550
PUNO;2012/2013;TIQUILLACA;10557.14
PUNO;2013/2014;TIQUILLACA;9850
PUNO;2014/2015;TIQUILLACA;9850
PUNO;2015/2016;TIQUILLACA;9027.78
PUNO;2016/2017;TIQUILLACA;10644.07
PUNO;2017/2018;TIQUILLACA;12971.75
PUNO;1996/1997;VILQUE;5796.46
PUNO;1997/1998;VILQUE;4837.21
PUNO;1998/1999;VILQUE;8238.64
PUNO;1999/2000;VILQUE;8161.9
PUNO;2000/2001;VILQUE;7706.9
PUNO;2001/2002;VILQUE;9016.95
PUNO;2002/2003;VILQUE;9606.67
PUNO;2003/2004;VILQUE;8564.94
PUNO;2004/2005;VILQUE;8740.96
PUNO;2005/2006;VILQUE;8664.71
PUNO;2006/2007;VILQUE;8123.38
PUNO;2007/2008;VILQUE;8764.71
PUNO;2008/2009;VILQUE;9005.56
PUNO;2009/2010;VILQUE;9650
PUNO;2010/2011;VILQUE;9515.79
PUNO;2011/2012;VILQUE;10194.44
PUNO;2012/2013;VILQUE;11123.81
PUNO;2013/2014;VILQUE;11204.35
PUNO;2014/2015;VILQUE;10310
PUNO;2015/2016;VILQUE;9835
PUNO;2016/2017;VILQUE;10289.47
PUNO;2017/2018;VILQUE;12368.69
PUTINA;1996/1997;PEDRO VILCA APAZA;6410
PUTINA;1997/1998;PEDRO VILCA APAZA;7827.27
PUTINA;1998/1999;PEDRO VILCA APAZA;8154.55
PUTINA;1999/2000;PEDRO VILCA APAZA;8254.55
PUTINA;2000/2001;PEDRO VILCA APAZA;7874.02
PUTINA;2001/2002;PEDRO VILCA APAZA;9470.59
PUTINA;2002/2003;PEDRO VILCA APAZA;10403.28
PUTINA;2003/2004;PEDRO VILCA APAZA;9027.95
PUTINA;2004/2005;PEDRO VILCA APAZA;8962.5
PUTINA;2005/2006;PEDRO VILCA APAZA;8222.58
PUTINA;2006/2007;PEDRO VILCA APAZA;7596.77
PUTINA;2007/2008;PEDRO VILCA APAZA;7585.19
PUTINA;2008/2009;PEDRO VILCA APAZA;7207.14
PUTINA;2009/2010;PEDRO VILCA APAZA;8955.1
PUTINA;2010/2011;PEDRO VILCA APAZA;9332
PUTINA;2011/2012;PEDRO VILCA APAZA;11239.13
PUTINA;2012/2013;PEDRO VILCA APAZA;11340
PUTINA;2013/2014;PEDRO VILCA APAZA;10918.52
PUTINA;2014/2015;PEDRO VILCA APAZA;12854.55
PUTINA;2015/2016;PEDRO VILCA APAZA;12104.76
PUTINA;2016/2017;PEDRO VILCA APAZA;12522.22
PUTINA;2017/2018;PEDRO VILCA APAZA;13147.06
PUTINA;1996/1997;PUTINA;6412.24
PUTINA;1997/1998;PUTINA;7906.88
PUTINA;1998/1999;PUTINA;7970.83
PUTINA;1999/2000;PUTINA;9325.96
PUTINA;2000/2001;PUTINA;8904.76
PUTINA;2001/2002;PUTINA;9557.33
PUTINA;2002/2003;PUTINA;9831.94
PUTINA;2003/2004;PUTINA;9163.98
PUTINA;2004/2005;PUTINA;9631.35
PUTINA;2005/2006;PUTINA;8803.28
PUTINA;2006/2007;PUTINA;8700
PUTINA;2007/2008;PUTINA;7833.33
PUTINA;2008/2009;PUTINA;7416.22
PUTINA;2009/2010;PUTINA;9581.82
PUTINA;2010/2011;PUTINA;9756.25
PUTINA;2011/2012;PUTINA;12158.06
PUTINA;2012/2013;PUTINA;12259.38
PUTINA;2013/2014;PUTINA;12828.57
PUTINA;2014/2015;PUTINA;13905.26
PUTINA;2015/2016;PUTINA;11429.41
PUTINA;2016/2017;PUTINA;11392.31
PUTINA;2017/2018;PUTINA;12566.67
PUTINA;1996/1997;QUILCAPUNCU;6440
PUTINA;1997/1998;QUILCAPUNCU;7176.47
PUTINA;1998/1999;QUILCAPUNCU;7250
PUTINA;1999/2000;QUILCAPUNCU;8011.76
PUTINA;2000/2001;QUILCAPUNCU;8122.81
PUTINA;2001/2002;QUILCAPUNCU;8246.43
PUTINA;2002/2003;QUILCAPUNCU;9871.89
PUTINA;2003/2004;QUILCAPUNCU;8649.12
PUTINA;2004/2005;QUILCAPUNCU;9365.52
PUTINA;2005/2006;QUILCAPUNCU;8926.32
PUTINA;2006/2007;QUILCAPUNCU;8943.26
PUTINA;2007/2008;QUILCAPUNCU;7706.38
PUTINA;2008/2009;QUILCAPUNCU;7551.85
PUTINA;2009/2010;QUILCAPUNCU;9352
PUTINA;2010/2011;QUILCAPUNCU;9480.77
PUTINA;2011/2012;QUILCAPUNCU;11668.09
PUTINA;2012/2013;QUILCAPUNCU;10464
PUTINA;2013/2014;QUILCAPUNCU;11317.24
PUTINA;2014/2015;QUILCAPUNCU;12754.55
PUTINA;2015/2016;QUILCAPUNCU;11913.04
PUTINA;2016/2017;QUILCAPUNCU;12127.78
PUTINA;2017/2018;QUILCAPUNCU;12029.41
PUTINA;1996/1997;SINA;6640
PUTINA;1997/1998;SINA;8290.14
PUTINA;1998/1999;SINA;8906.67
PUTINA;1999/2000;SINA;8834.21
PUTINA;2000/2001;SINA;9038.6
PUTINA;2001/2002;SINA;10653.27
PUTINA;2002/2003;SINA;10790.7
PUTINA;2003/2004;SINA;10989.71
PUTINA;2004/2005;SINA;11069.49
PUTINA;2005/2006;SINA;10871.19
PUTINA;2006/2007;SINA;11055.46
PUTINA;2007/2008;SINA;11011.27
PUTINA;2008/2009;SINA;10381.58
PUTINA;2009/2010;SINA;11630.89
PUTINA;2010/2011;SINA;10978.57
PUTINA;2011/2012;SINA;9866.67
PUTINA;2012/2013;SINA;10175.61
PUTINA;2013/2014;SINA;11138.46
PUTINA;2014/2015;SINA;12244.83
PUTINA;2015/2016;SINA;12379.14
PUTINA;2016/2017;SINA;12961.9
PUTINA;2017/2018;SINA;13112
SANDIA;1996/1997;ALTO INAMBARI;0
SANDIA;1997/1998;ALTO INAMBARI;0
SANDIA;1998/1999;ALTO INAMBARI;0
SANDIA;1999/2000;ALTO INAMBARI;0
SANDIA;2000/2001;ALTO INAMBARI;0
SANDIA;2001/2002;ALTO INAMBARI;0
SANDIA;2002/2003;ALTO INAMBARI;0
SANDIA;2003/2004;ALTO INAMBARI;0
SANDIA;2004/2005;ALTO INAMBARI;0
SANDIA;2005/2006;ALTO INAMBARI;0
SANDIA;2006/2007;ALTO INAMBARI;0
SANDIA;2007/2008;ALTO INAMBARI;0
SANDIA;2008/2009;ALTO INAMBARI;0
SANDIA;2009/2010;ALTO INAMBARI;0
SANDIA;2010/2011;ALTO INAMBARI;0
SANDIA;2011/2012;ALTO INAMBARI;0
SANDIA;2012/2013;ALTO INAMBARI;0
SANDIA;2013/2014;ALTO INAMBARI;0
SANDIA;2014/2015;ALTO INAMBARI;0
SANDIA;2015/2016;ALTO INAMBARI;0
SANDIA;2016/2017;ALTO INAMBARI;0
SANDIA;2017/2018;ALTO INAMBARI;0
SANDIA;1996/1997;CUYOCUYO;7100
SANDIA;1997/1998;CUYOCUYO;6283.95
SANDIA;1998/1999;CUYOCUYO;8359.06
SANDIA;1999/2000;CUYOCUYO;9975.44
SANDIA;2000/2001;CUYOCUYO;8974.68
SANDIA;2001/2002;CUYOCUYO;11125.77
SANDIA;2002/2003;CUYOCUYO;10836.13
SANDIA;2003/2004;CUYOCUYO;10447.17
SANDIA;2004/2005;CUYOCUYO;10358.74
SANDIA;2005/2006;CUYOCUYO;10300.77
SANDIA;2006/2007;CUYOCUYO;11760.38
SANDIA;2007/2008;CUYOCUYO;12277.67
SANDIA;2008/2009;CUYOCUYO;13303.09
SANDIA;2009/2010;CUYOCUYO;13560.82
SANDIA;2010/2011;CUYOCUYO;12316.65
SANDIA;2011/2012;CUYOCUYO;12161.54
SANDIA;2012/2013;CUYOCUYO;11965.17
SANDIA;2013/2014;CUYOCUYO;11843.96
SANDIA;2014/2015;CUYOCUYO;13575.56
SANDIA;2015/2016;CUYOCUYO;16343.35
SANDIA;2016/2017;CUYOCUYO;16234.29
SANDIA;2017/2018;CUYOCUYO;16970.18
SANDIA;1996/1997;LIMBANI;8528.21
SANDIA;1997/1998;LIMBANI;7784.52
SANDIA;1998/1999;LIMBANI;8659.13
SANDIA;1999/2000;LIMBANI;9155.88
SANDIA;2000/2001;LIMBANI;8840.62
SANDIA;2001/2002;LIMBANI;10700
SANDIA;2002/2003;LIMBANI;10144.96
SANDIA;2003/2004;LIMBANI;10010.42
SANDIA;2004/2005;LIMBANI;10234.8
SANDIA;2005/2006;LIMBANI;10466.43
SANDIA;2006/2007;LIMBANI;11322.81
SANDIA;2007/2008;LIMBANI;11708.03
SANDIA;2008/2009;LIMBANI;12622.47
SANDIA;2009/2010;LIMBANI;12789.28
SANDIA;2010/2011;LIMBANI;12395.83
SANDIA;2011/2012;LIMBANI;12373.31
SANDIA;2012/2013;LIMBANI;11310.89
SANDIA;2013/2014;LIMBANI;11677.27
SANDIA;2014/2015;LIMBANI;13504.92
SANDIA;2015/2016;LIMBANI;15457.41
SANDIA;2016/2017;LIMBANI;15474.58
SANDIA;2017/2018;LIMBANI;15589.57
SANDIA;1996/1997;PATAMBUCO;6459.63
SANDIA;1997/1998;PATAMBUCO;6067.61
SANDIA;1998/1999;PATAMBUCO;8544.83
SANDIA;1999/2000;PATAMBUCO;9300.15
SANDIA;2000/2001;PATAMBUCO;8877.13
SANDIA;2001/2002;PATAMBUCO;10189.19
SANDIA;2002/2003;PATAMBUCO;10810.13
SANDIA;2003/2004;PATAMBUCO;10388.3
SANDIA;2004/2005;PATAMBUCO;10250.43
SANDIA;2005/2006;PATAMBUCO;10992.71
SANDIA;2006/2007;PATAMBUCO;10965.45
SANDIA;2007/2008;PATAMBUCO;12372.48
SANDIA;2008/2009;PATAMBUCO;12597.12
SANDIA;2009/2010;PATAMBUCO;13785.49
SANDIA;2010/2011;PATAMBUCO;13101.12
SANDIA;2011/2012;PATAMBUCO;12110.65
SANDIA;2012/2013;PATAMBUCO;11494.62
SANDIA;2013/2014;PATAMBUCO;11689.03
SANDIA;2014/2015;PATAMBUCO;13310.39
SANDIA;2015/2016;PATAMBUCO;15837.84
SANDIA;2016/2017;PATAMBUCO;15460.65
SANDIA;2017/2018;PATAMBUCO;15638.96
SANDIA;1996/1997;PHARA;7420
SANDIA;1997/1998;PHARA;7168.85
SANDIA;1998/1999;PHARA;7533.33
SANDIA;1999/2000;PHARA;8945
SANDIA;2000/2001;PHARA;8820.75
SANDIA;2001/2002;PHARA;10477.23
SANDIA;2002/2003;PHARA;10472
SANDIA;2003/2004;PHARA;10436.07
SANDIA;2004/2005;PHARA;10310.68
SANDIA;2005/2006;PHARA;11015.27
SANDIA;2006/2007;PHARA;11529.98
SANDIA;2007/2008;PHARA;11692.31
SANDIA;2008/2009;PHARA;12378.52
SANDIA;2009/2010;PHARA;13023.26
SANDIA;2010/2011;PHARA;12630.24
SANDIA;2011/2012;PHARA;12056.54
SANDIA;2012/2013;PHARA;12056.18
SANDIA;2013/2014;PHARA;11830.48
SANDIA;2014/2015;PHARA;13117.31
SANDIA;2015/2016;PHARA;15106.38
SANDIA;2016/2017;PHARA;15282.98
SANDIA;2017/2018;PHARA;15760.75
SANDIA;1996/1997;QUIACA;8100
SANDIA;1997/1998;QUIACA;7308.7
SANDIA;1998/1999;QUIACA;8548.48
SANDIA;1999/2000;QUIACA;9043.59
SANDIA;2000/2001;QUIACA;9593.58
SANDIA;2001/2002;QUIACA;10429.78
SANDIA;2002/2003;QUIACA;10179.78
SANDIA;2003/2004;QUIACA;9915.3
SANDIA;2004/2005;QUIACA;10307.69
SANDIA;2005/2006;QUIACA;10476.56
SANDIA;2006/2007;QUIACA;11613.58
SANDIA;2007/2008;QUIACA;12130.32
SANDIA;2008/2009;QUIACA;12608.22
SANDIA;2009/2010;QUIACA;13703.98
SANDIA;2010/2011;QUIACA;12541.39
SANDIA;2011/2012;QUIACA;12034.21
SANDIA;2012/2013;QUIACA;12024.32
SANDIA;2013/2014;QUIACA;12134.09
SANDIA;2014/2015;QUIACA;13613.95
SANDIA;2015/2016;QUIACA;16077.5
SANDIA;2016/2017;QUIACA;15736.17
SANDIA;2017/2018;QUIACA;15941.59
SANDIA;1996/1997;SANDIA;8436.25
SANDIA;1997/1998;SANDIA;8543.61
SANDIA;1998/1999;SANDIA;9352.51
SANDIA;1999/2000;SANDIA;8907.83
SANDIA;2000/2001;SANDIA;9115.06
SANDIA;2001/2002;SANDIA;10443.32
SANDIA;2002/2003;SANDIA;10302.39
SANDIA;2003/2004;SANDIA;10108.87
SANDIA;2004/2005;SANDIA;10466.92
SANDIA;2005/2006;SANDIA;10670.22
SANDIA;2006/2007;SANDIA;11433.84
SANDIA;2007/2008;SANDIA;11728.1
SANDIA;2008/2009;SANDIA;11860.42
SANDIA;2009/2010;SANDIA;12239.43
SANDIA;2010/2011;SANDIA;11128.04
SANDIA;2011/2012;SANDIA;12259.46
SANDIA;2012/2013;SANDIA;12571.71
SANDIA;2013/2014;SANDIA;12370.24
SANDIA;2014/2015;SANDIA;13410.34
SANDIA;2015/2016;SANDIA;15548.67
SANDIA;2016/2017;SANDIA;15879.61
SANDIA;2017/2018;SANDIA;15747.37
SANDIA;1996/1997;SAN JUAN DEL ORO;0
SANDIA;1997/1998;SAN JUAN DEL ORO;0
SANDIA;1998/1999;SAN JUAN DEL ORO;0
SANDIA;1999/2000;SAN JUAN DEL ORO;0
SANDIA;2000/2001;SAN JUAN DEL ORO;0
SANDIA;2001/2002;SAN JUAN DEL ORO;0
SANDIA;2002/2003;SAN JUAN DEL ORO;0
SANDIA;2003/2004;SAN JUAN DEL ORO;0
SANDIA;2004/2005;SAN JUAN DEL ORO;0
SANDIA;2005/2006;SAN JUAN DEL ORO;0
SANDIA;2006/2007;SAN JUAN DEL ORO;0
SANDIA;2007/2008;SAN JUAN DEL ORO;0
SANDIA;2008/2009;SAN JUAN DEL ORO;0
SANDIA;2009/2010;SAN JUAN DEL ORO;0
SANDIA;2010/2011;SAN JUAN DEL ORO;0
SANDIA;2011/2012;SAN JUAN DEL ORO;0
SANDIA;2012/2013;SAN JUAN DEL ORO;0
SANDIA;2013/2014;SAN JUAN DEL ORO;0
SANDIA;2014/2015;SAN JUAN DEL ORO;0
SANDIA;2015/2016;SAN JUAN DEL ORO;0
SANDIA;2016/2017;SAN JUAN DEL ORO;0
SANDIA;2017/2018;SAN JUAN DEL ORO;0
SANDIA;1996/1997;SAN PEDRO DE PUTINA PUNCO;0
SANDIA;1997/1998;SAN PEDRO DE PUTINA PUNCO;0
SANDIA;1998/1999;SAN PEDRO DE PUTINA PUNCO;0
SANDIA;1999/2000;SAN PEDRO DE PUTINA PUNCO;0
SANDIA;2000/2001;SAN PEDRO DE PUTINA PUNCO;0
SANDIA;2001/2002;SAN PEDRO DE PUTINA PUNCO;0
SANDIA;2002/2003;SAN PEDRO DE PUTINA PUNCO;0
SANDIA;2003/2004;SAN PEDRO DE PUTINA PUNCO;0
SANDIA;2004/2005;SAN PEDRO DE PUTINA PUNCO;0
SANDIA;2005/2006;SAN PEDRO DE PUTINA PUNCO;0
SANDIA;2006/2007;SAN PEDRO DE PUTINA PUNCO;0
SANDIA;2007/2008;SAN PEDRO DE PUTINA PUNCO;0
SANDIA;2008/2009;SAN PEDRO DE PUTINA PUNCO;0
SANDIA;2009/2010;SAN PEDRO DE PUTINA PUNCO;0
SANDIA;2010/2011;SAN PEDRO DE PUTINA PUNCO;0
SANDIA;2011/2012;SAN PEDRO DE PUTINA PUNCO;0
SANDIA;2012/2013;SAN PEDRO DE PUTINA PUNCO;0
SANDIA;2013/2014;SAN PEDRO DE PUTINA PUNCO;0
SANDIA;2014/2015;SAN PEDRO DE PUTINA PUNCO;0
SANDIA;2015/2016;SAN PEDRO DE PUTINA PUNCO;0
SANDIA;2016/2017;SAN PEDRO DE PUTINA PUNCO;0
SANDIA;2017/2018;SAN PEDRO DE PUTINA PUNCO;0
SANDIA;1996/1997;YANAHUAYA;0
SANDIA;1997/1998;YANAHUAYA;0
SANDIA;1998/1999;YANAHUAYA;0
SANDIA;1999/2000;YANAHUAYA;0
SANDIA;2000/2001;YANAHUAYA;0
SANDIA;2001/2002;YANAHUAYA;0
SANDIA;2002/2003;YANAHUAYA;0
SANDIA;2003/2004;YANAHUAYA;0
SANDIA;2004/2005;YANAHUAYA;0
SANDIA;2005/2006;YANAHUAYA;0
SANDIA;2006/2007;YANAHUAYA;0
SANDIA;2007/2008;YANAHUAYA;0
SANDIA;2008/2009;YANAHUAYA;0
SANDIA;2009/2010;YANAHUAYA;0
SANDIA;2010/2011;YANAHUAYA;0
SANDIA;2011/2012;YANAHUAYA;0
SANDIA;2012/2013;YANAHUAYA;0
SANDIA;2013/2014;YANAHUAYA;0
SANDIA;2014/2015;YANAHUAYA;0
SANDIA;2015/2016;YANAHUAYA;0
SANDIA;2016/2017;YANAHUAYA;0
SANDIA;2017/2018;YANAHUAYA;0
SAN ROMAN;1996/1997;CABANA;6637.07
SAN ROMAN;1997/1998;CABANA;7950
SAN ROMAN;1998/1999;CABANA;8342.22
SAN ROMAN;1999/2000;CABANA;8476
SAN ROMAN;2000/2001;CABANA;7325
SAN ROMAN;2001/2002;CABANA;9273.85
SAN ROMAN;2002/2003;CABANA;8975.76
SAN ROMAN;2003/2004;CABANA;10294.74
SAN ROMAN;2004/2005;CABANA;9870.83
SAN ROMAN;2005/2006;CABANA;10575.65
SAN ROMAN;2006/2007;CABANA;9104.17
SAN ROMAN;2007/2008;CABANA;8130.95
SAN ROMAN;2008/2009;CABANA;11650
SAN ROMAN;2009/2010;CABANA;12314.96
SAN ROMAN;2010/2011;CABANA;13658.12
SAN ROMAN;2011/2012;CABANA;9209.17
SAN ROMAN;2012/2013;CABANA;12502.7
SAN ROMAN;2013/2014;CABANA;13014.72
SAN ROMAN;2014/2015;CABANA;13047.62
SAN ROMAN;2015/2016;CABANA;10777.39
SAN ROMAN;2016/2017;CABANA;12084.55
SAN ROMAN;2017/2018;CABANA;12234.15
SAN ROMAN;1996/1997;CABANILLAS;6834.86
SAN ROMAN;1997/1998;CABANILLAS;7316.67
SAN ROMAN;1998/1999;CABANILLAS;8074.07
SAN ROMAN;1999/2000;CABANILLAS;8328.57
SAN ROMAN;2000/2001;CABANILLAS;7040
SAN ROMAN;2001/2002;CABANILLAS;8663.64
SAN ROMAN;2002/2003;CABANILLAS;10273.91
SAN ROMAN;2003/2004;CABANILLAS;9804.17
SAN ROMAN;2004/2005;CABANILLAS;9794.12
SAN ROMAN;2005/2006;CABANILLAS;11644.78
SAN ROMAN;2006/2007;CABANILLAS;10506.06
SAN ROMAN;2007/2008;CABANILLAS;8356.67
SAN ROMAN;2008/2009;CABANILLAS;11397.01
SAN ROMAN;2009/2010;CABANILLAS;14010
SAN ROMAN;2010/2011;CABANILLAS;13703.45
SAN ROMAN;2011/2012;CABANILLAS;9527.66
SAN ROMAN;2012/2013;CABANILLAS;14383.78
SAN ROMAN;2013/2014;CABANILLAS;13948.57
SAN ROMAN;2014/2015;CABANILLAS;14349.74
SAN ROMAN;2015/2016;CABANILLAS;11470.73
SAN ROMAN;2016/2017;CABANILLAS;13007.32
SAN ROMAN;2017/2018;CABANILLAS;13827.5
SAN ROMAN;1996/1997;CARACOTO;6592.59
SAN ROMAN;1997/1998;CARACOTO;7216.67
SAN ROMAN;1998/1999;CARACOTO;8016.67
SAN ROMAN;1999/2000;CARACOTO;8446.7
SAN ROMAN;2000/2001;CARACOTO;7206.67
SAN ROMAN;2001/2002;CARACOTO;9172.55
SAN ROMAN;2002/2003;CARACOTO;9647.06
SAN ROMAN;2003/2004;CARACOTO;10326.47
SAN ROMAN;2004/2005;CARACOTO;9721.21
SAN ROMAN;2005/2006;CARACOTO;9494.95
SAN ROMAN;2006/2007;CARACOTO;9731.11
SAN ROMAN;2007/2008;CARACOTO;7835.16
SAN ROMAN;2008/2009;CARACOTO;9840.49
SAN ROMAN;2009/2010;CARACOTO;11804.26
SAN ROMAN;2010/2011;CARACOTO;12118.84
SAN ROMAN;2011/2012;CARACOTO;7974.55
SAN ROMAN;2012/2013;CARACOTO;11615.38
SAN ROMAN;2013/2014;CARACOTO;11388.76
SAN ROMAN;2014/2015;CARACOTO;12601.25
SAN ROMAN;2015/2016;CARACOTO;10643.77
SAN ROMAN;2016/2017;CARACOTO;11919
SAN ROMAN;2017/2018;CARACOTO;12576.77
SAN ROMAN;1996/1997;JULIACA;6558.78
SAN ROMAN;1997/1998;JULIACA;6579.25
SAN ROMAN;1998/1999;JULIACA;8015.09
SAN ROMAN;1999/2000;JULIACA;9573.58
SAN ROMAN;2000/2001;JULIACA;7393.02
SAN ROMAN;2001/2002;JULIACA;9575.61
SAN ROMAN;2002/2003;JULIACA;10310.57
SAN ROMAN;2003/2004;JULIACA;8462.12
SAN ROMAN;2004/2005;JULIACA;8836.55
SAN ROMAN;2005/2006;JULIACA;7072.86
SAN ROMAN;2006/2007;JULIACA;7697.05
SAN ROMAN;2007/2008;JULIACA;6153.03
SAN ROMAN;2008/2009;JULIACA;11894.81
SAN ROMAN;2009/2010;JULIACA;12525.94
SAN ROMAN;2010/2011;JULIACA;11283.43
SAN ROMAN;2011/2012;JULIACA;9673.68
SAN ROMAN;2012/2013;JULIACA;12868.81
SAN ROMAN;2013/2014;JULIACA;11877.14
SAN ROMAN;2014/2015;JULIACA;12186.78
SAN ROMAN;2015/2016;JULIACA;10378.03
SAN ROMAN;2016/2017;JULIACA;11499.05
SAN ROMAN;2017/2018;JULIACA;12684.85
YUNGUYO;1996/1997;ANAPIA;6627.27
YUNGUYO;1997/1998;ANAPIA;6663.64
YUNGUYO;1998/1999;ANAPIA;8565.22
YUNGUYO;1999/2000;ANAPIA;9230.09
YUNGUYO;2000/2001;ANAPIA;8133.33
YUNGUYO;2001/2002;ANAPIA;10633.93
YUNGUYO;2002/2003;ANAPIA;10364.49
YUNGUYO;2003/2004;ANAPIA;9300
YUNGUYO;2004/2005;ANAPIA;10904.35
YUNGUYO;2005/2006;ANAPIA;10805.08
YUNGUYO;2006/2007;ANAPIA;10200
YUNGUYO;2007/2008;ANAPIA;10487.6
YUNGUYO;2008/2009;ANAPIA;11204.92
YUNGUYO;2009/2010;ANAPIA;11801.59
YUNGUYO;2010/2011;ANAPIA;12677.17
YUNGUYO;2011/2012;ANAPIA;11491.8
YUNGUYO;2012/2013;ANAPIA;10681.82
YUNGUYO;2013/2014;ANAPIA;11800
YUNGUYO;2014/2015;ANAPIA;12351.56
YUNGUYO;2015/2016;ANAPIA;11674.42
YUNGUYO;2016/2017;ANAPIA;12716.54
YUNGUYO;2017/2018;ANAPIA;12562.5
YUNGUYO;1996/1997;COPANI;6621.94
YUNGUYO;1997/1998;COPANI;5918.12
YUNGUYO;1998/1999;COPANI;8224.62
YUNGUYO;1999/2000;COPANI;9022.67
YUNGUYO;2000/2001;COPANI;7155.17
YUNGUYO;2001/2002;COPANI;8942.69
YUNGUYO;2002/2003;COPANI;9916.1
YUNGUYO;2003/2004;COPANI;8794.33
YUNGUYO;2004/2005;COPANI;10037.97
YUNGUYO;2005/2006;COPANI;10021.04
YUNGUYO;2006/2007;COPANI;9827.97
YUNGUYO;2007/2008;COPANI;9086.59
YUNGUYO;2008/2009;COPANI;9101.81
YUNGUYO;2009/2010;COPANI;11758.33
YUNGUYO;2010/2011;COPANI;12125
YUNGUYO;2011/2012;COPANI;11658.54
YUNGUYO;2012/2013;COPANI;11654.22
YUNGUYO;2013/2014;COPANI;11507.63
YUNGUYO;2014/2015;COPANI;12565.28
YUNGUYO;2015/2016;COPANI;10445.06
YUNGUYO;2016/2017;COPANI;12564.72
YUNGUYO;2017/2018;COPANI;13204.51
YUNGUYO;1996/1997;CUTURAPI;6424.62
YUNGUYO;1997/1998;CUTURAPI;7908.33
YUNGUYO;1998/1999;CUTURAPI;9909.09
YUNGUYO;1999/2000;CUTURAPI;10940.81
YUNGUYO;2000/2001;CUTURAPI;9356.25
YUNGUYO;2001/2002;CUTURAPI;11590.06
YUNGUYO;2002/2003;CUTURAPI;11124.61
YUNGUYO;2003/2004;CUTURAPI;9941.9
YUNGUYO;2004/2005;CUTURAPI;12131.1
YUNGUYO;2005/2006;CUTURAPI;11008.82
YUNGUYO;2006/2007;CUTURAPI;11090.12
YUNGUYO;2007/2008;CUTURAPI;11291.91
YUNGUYO;2008/2009;CUTURAPI;10574.71
YUNGUYO;2009/2010;CUTURAPI;12786.98
YUNGUYO;2010/2011;CUTURAPI;13729.97
YUNGUYO;2011/2012;CUTURAPI;13436.71
YUNGUYO;2012/2013;CUTURAPI;11962.21
YUNGUYO;2013/2014;CUTURAPI;13352.77
YUNGUYO;2014/2015;CUTURAPI;13873.9
YUNGUYO;2015/2016;CUTURAPI;12502.92
YUNGUYO;2016/2017;CUTURAPI;14174.04
YUNGUYO;2017/2018;CUTURAPI;14026.22
YUNGUYO;1996/1997;OLLARAYA;6301.96
YUNGUYO;1997/1998;OLLARAYA;6305.83
YUNGUYO;1998/1999;OLLARAYA;8951.43
YUNGUYO;1999/2000;OLLARAYA;9891.11
YUNGUYO;2000/2001;OLLARAYA;7949.89
YUNGUYO;2001/2002;OLLARAYA;9885.42
YUNGUYO;2002/2003;OLLARAYA;9198.33
YUNGUYO;2003/2004;OLLARAYA;9936
YUNGUYO;2004/2005;OLLARAYA;10498.01
YUNGUYO;2005/2006;OLLARAYA;10371.03
YUNGUYO;2006/2007;OLLARAYA;10134.39
YUNGUYO;2007/2008;OLLARAYA;9357.14
YUNGUYO;2008/2009;OLLARAYA;10840.24
YUNGUYO;2009/2010;OLLARAYA;10829.75
YUNGUYO;2010/2011;OLLARAYA;12109.38
YUNGUYO;2011/2012;OLLARAYA;11010.94
YUNGUYO;2012/2013;OLLARAYA;11076.15
YUNGUYO;2013/2014;OLLARAYA;11778.22
YUNGUYO;2014/2015;OLLARAYA;12722.55
YUNGUYO;2015/2016;OLLARAYA;10876
YUNGUYO;2016/2017;OLLARAYA;13722.75
YUNGUYO;2017/2018;OLLARAYA;13612.5
YUNGUYO;1996/1997;TINICACHI;6466.67
YUNGUYO;1997/1998;TINICACHI;6530.43
YUNGUYO;1998/1999;TINICACHI;8814.43
YUNGUYO;1999/2000;TINICACHI;8809.09
YUNGUYO;2000/2001;TINICACHI;8222.22
YUNGUYO;2001/2002;TINICACHI;10300
YUNGUYO;2002/2003;TINICACHI;10589.15
YUNGUYO;2003/2004;TINICACHI;9629.63
YUNGUYO;2004/2005;TINICACHI;10845.59
YUNGUYO;2005/2006;TINICACHI;10678.83
YUNGUYO;2006/2007;TINICACHI;10875.91
YUNGUYO;2007/2008;TINICACHI;10733.81
YUNGUYO;2008/2009;TINICACHI;10892.86
YUNGUYO;2009/2010;TINICACHI;11845.07
YUNGUYO;2010/2011;TINICACHI;12378.57
YUNGUYO;2011/2012;TINICACHI;10976.92
YUNGUYO;2012/2013;TINICACHI;10814.29
YUNGUYO;2013/2014;TINICACHI;12149.25
YUNGUYO;2014/2015;TINICACHI;12992.42
YUNGUYO;2015/2016;TINICACHI;12107.69
YUNGUYO;2016/2017;TINICACHI;13329.27
YUNGUYO;2017/2018;TINICACHI;13384.62
YUNGUYO;1996/1997;YUNGUYO;6148.33
YUNGUYO;1997/1998;YUNGUYO;7749.55
YUNGUYO;1998/1999;YUNGUYO;9756.22
YUNGUYO;1999/2000;YUNGUYO;10977.84
YUNGUYO;2000/2001;YUNGUYO;8507.21
YUNGUYO;2001/2002;YUNGUYO;10743.62
YUNGUYO;2002/2003;YUNGUYO;10597.8
YUNGUYO;2003/2004;YUNGUYO;9869.84
YUNGUYO;2004/2005;YUNGUYO;11241.63
YUNGUYO;2005/2006;YUNGUYO;10182.76
YUNGUYO;2006/2007;YUNGUYO;9841.89
YUNGUYO;2007/2008;YUNGUYO;9522.05
YUNGUYO;2008/2009;YUNGUYO;9798.36
YUNGUYO;2009/2010;YUNGUYO;11483.61
YUNGUYO;2010/2011;YUNGUYO;12606.92
YUNGUYO;2011/2012;YUNGUYO;11045.86
YUNGUYO;2012/2013;YUNGUYO;10561.35
YUNGUYO;2013/2014;YUNGUYO;12002.04
YUNGUYO;2014/2015;YUNGUYO;12210.53
YUNGUYO;2015/2016;YUNGUYO;11118.95
YUNGUYO;2016/2017;YUNGUYO;12664.31
YUNGUYO;2017/2018;YUNGUYO;13465.67
YUNGUYO;1996/1997;UNICACHI;6575
YUNGUYO;1997/1998;UNICACHI;7800
YUNGUYO;1998/1999;UNICACHI;9278.26
YUNGUYO;1999/2000;UNICACHI;10148.15
YUNGUYO;2000/2001;UNICACHI;8531.1
YUNGUYO;2001/2002;UNICACHI;10020
YUNGUYO;2002/2003;UNICACHI;9383.42
YUNGUYO;2003/2004;UNICACHI;10080.81
YUNGUYO;2004/2005;UNICACHI;10965.17
YUNGUYO;2005/2006;UNICACHI;10862.07
YUNGUYO;2006/2007;UNICACHI;10789.22
YUNGUYO;2007/2008;UNICACHI;10495.1
YUNGUYO;2008/2009;UNICACHI;10219.51
YUNGUYO;2009/2010;UNICACHI;10427.18
YUNGUYO;2010/2011;UNICACHI;12289.86
YUNGUYO;2011/2012;UNICACHI;11231.18
YUNGUYO;2012/2013;UNICACHI;11322.12
YUNGUYO;2013/2014;UNICACHI;12350.52
YUNGUYO;2014/2015;UNICACHI;12906.25
YUNGUYO;2015/2016;UNICACHI;12162.3
YUNGUYO;2016/2017;UNICACHI;13370
YUNGUYO;2017/2018;UNICACHI;13129.63
